Urban_geoid,slope_CUHI_day,slope_CUHI_night,slope_SUHI_day,slope_SUHI_night,Urban_name,Clim_zone,Coastal?
199,-0.007399530227328113,-0.015245895772779058,-0.023939996733652616,-0.012220902794354232,"Aberdeen--Bel Air South--Bel Air North, MD",Temperate,True
280,-0.0015387406324052532,-0.04281262373822125,-0.05440089930575503,-0.029335461368075997,"Abilene, TX",Temperate,False
631,0.014401602209955094,-0.01735715376818498,0.09853265811922685,0.011302458863933332,"Aguadilla--Isabela--San Sebastián, PR",Tropical,True
766,0.0001921199047168311,-0.01642066579202837,-0.030026665854121108,-0.025525293223091845,"Akron, OH",Snow,False
901,-0.025218417577391045,-0.0069047831555833755,-0.09877318832810882,-0.022384710300807024,"Albany, GA",Temperate,False
955,-0.03408250760527157,-0.0016632931361142973,-0.0657280463806267,0.030336779291969696,"Albany, OR",Temperate,False
970,-0.01829753003080156,-0.018387501580290472,-0.08313239470191115,-0.015052450860815778,"Albany--Schenectady, NY",Snow,False
1171,-0.022104128027784664,-0.011945948270302839,-0.03368948669332857,-0.011561338726475728,"Albuquerque, NM",Arid,False
1279,0.012410820776339232,-0.004406566988997969,-0.0933257876800844,-0.028130037789987586,"Alexandria, LA",Temperate,False
1495,-0.021967625089233812,-0.01433702240087163,-0.0882210504840558,-0.012502316633162924,"Allentown, PA--NJ",Snow,False
1765,0.021891421125829758,-0.017608611015559182,-0.04729762593704243,-0.05548045131514529,"Alton, IL--MO",Temperate,False
1792,-0.03991577781141822,-0.017523638061881976,0.011760088805867791,-0.049586566433032345,"Altoona, PA",Snow,False
1927,0.00010450602683269867,-0.002557286337212402,0.003555573619986138,-0.007537508129121305,"Amarillo, TX",Arid,False
2062,0.0005570906963318781,0.0015913982678532092,-0.05223150883156956,-0.019065256162723237,"Ames, IA",Snow,False
2305,-0.009416166171553157,-0.012869343756075029,-0.052788421656577586,-0.012785258631706358,"Anchorage, AK",Snow,True
2386,0.018229911171394438,-0.02322238490492392,-0.02034692550163867,-0.03789530988331563,"Anderson, IN",Snow,False
2413,-0.0036915564009060335,-0.003552942437472188,-0.0013129362514074361,-0.014960972856414088,"Anderson, SC",Temperate,False
2602,0.0031545791419045344,-0.004474734929121846,-0.015075698023415537,-0.005635725635261237,"Ann Arbor, MI",Snow,False
2629,0.0035311907206043245,-0.021014255653858557,-0.04422181315459274,-0.04689214123138304,"Anniston--Oxford, AL",Temperate,False
2683,-0.003075536930595559,-0.006043251316581575,0.01544127790557207,-0.014050026524052605,"Antioch, CA",Temperate,True
2764,-0.00990413677591337,0.0013272455542369828,-0.08657502395051564,-0.010791008299170506,"Appleton, WI",Snow,False
3034,0.01132181872396374,0.019760003507359302,0.026042740844406418,0.04657910878201919,"Arecibo, PR",Tropical,True
3196,-0.022023547074732336,-0.015910035728012313,-0.07119476501893084,-0.016731265487707772,"Arroyo Grande--Grover Beach, CA",Temperate,True
3358,-0.004206940869391426,-0.012544567746200509,-0.0054211400221475135,0.002413335110966312,"Asheville, NC",Temperate,False
3763,-0.003210426993234828,-0.007362436460407036,-0.01762979289406714,-0.02451100174518932,"Athens-Clarke County, GA",Temperate,False
3817,0.000352248813911914,-0.0012720227412888814,-0.008873885047004204,0.0021465025511459047,"Atlanta, GA",Temperate,False
3898,-0.010388396564358178,0.000323207937489786,-0.03568511010281991,0.0107768290776859,"Atlantic City, NJ",Temperate,True
4033,-0.005962298523905164,-0.003682882686123954,-0.02326928944487354,-0.016307504029966044,"Auburn, AL",Temperate,False
4222,0.008174556905857383,-0.00035428666888787254,-0.025766878060394953,-0.009318334907949383,"Augusta-Richmond County, GA--SC",Temperate,False
4384,-0.002783885712926171,-0.0008372980377492043,-0.021685176515506506,-0.0035715395934925328,"Austin, TX",Temperate,False
4549,0.0032909108517709604,-0.0058609722377733955,-0.011765832098325827,-0.010324030574462057,"Avondale--Goodyear, AZ",Arid,False
4681,-0.0037354728046411307,-0.004479583723163968,-0.011713201828574852,-0.009216340512192703,"Bakersfield, CA",Arid,False
4843,-0.002232671979365217,-0.008592292672486384,-0.02031569974493974,-0.008175109663511239,"Baltimore, MD",Temperate,True
4951,-0.007173006612655619,-0.01592426112920039,-0.03968813148384395,-0.009084286391267822,"Bangor, ME",Snow,False
5167,-0.0005476074985925847,-0.00484182493762405,-0.03197597478227742,-0.013711810827262819,"Barnstable Town, MA",Temperate,True
5680,-0.00391840065429489,-0.002740104297272983,-0.010355347832092103,-0.00946845394062326,"Baton Rouge, LA",Temperate,False
5707,0.0059556547498000175,-0.01665712720091107,-0.03269110252851609,-0.02995402178400467,"Battle Creek, MI",Snow,False
5869,0.008576472915000662,-0.025871048399095004,-0.14119898211067944,-0.01865056338559964,"Bay City, MI",Snow,False
6058,0.004353056886030187,-0.012921978726830478,-0.020373698528599344,-0.05264146752892145,"Beaumont, TX",Temperate,False
6139,-0.04202838718095542,-0.03648886922162009,-0.0013547686285221687,-0.05224312973533345,"Beckley, WV",Temperate,False
6652,-0.03247256097902391,-0.016758647097639485,-0.08712886216793636,-0.0002834393355972586,"Bellingham, WA",Temperate,True
6760,0.01761331327378338,-0.010787867055954395,-0.026272551024404216,-0.04527481200097013,"Beloit, WI--IL",Snow,False
6868,-0.04107082615566987,-0.026724186065474418,-0.11762713417777625,-0.034506137278863355,"Bend, OR",Temperate,False
7138,0.0017306960026212837,0.0022179599551639287,-0.02424570222858566,-0.0066212616881225405,"Benton Harbor--St. Joseph--Fair Plain, MI",Snow,False
7705,-0.010362112464669443,-0.020007291690452476,-0.028329644868173253,0.012813313406966068,"Billings, MT",Arid,False
7732,-0.025654103306247858,-0.027971144937961098,-0.09909170414075935,-0.028160173874423187,"Binghamton, NY--PA",Snow,False
7786,0.0024223278352562667,-0.00670741978214708,-0.005632420282275092,-0.009206226100013488,"Birmingham, AL",Temperate,False
7921,-0.017598062638837585,-0.012642307191394938,-0.025391824972510607,0.011270354686380475,"Bismarck, ND",Snow,False
8002,-0.020681985940977306,-0.03197059659761642,-0.012146392859590576,-0.0011405154064274494,"Blacksburg, VA",Temperate,False
8380,0.0030942156879503377,-0.00045056091198439905,-0.018695931600940977,-0.022492790021989274,"Bloomington, IN",Temperate,False
8407,-0.0019074839636223817,-0.004165086643908777,-0.06646356580567923,-0.018099542327446472,"Bloomington--Normal, IL",Snow,False
8434,-0.02138766341088678,-0.032709526740859994,-0.05381593223018309,-0.019243644322019905,"Bloomsburg--Berwick, PA",Snow,False
8785,0.0029604830989205795,-0.002607237979425852,-0.023704840156417356,0.01664087210854541,"Boise City, ID",Arid,False
8974,0.00016756744696158718,0.001347104186439769,-0.008778582387104892,0.003116951985243519,"Bonita Springs, FL",Tropical,True
9271,-0.00868814994522607,-0.004553532772795863,-0.03314482206024654,-0.00913023432866046,"Boston, MA--NH--RI",Snow,True
9298,-0.07433156719911185,-0.037678327374095245,-0.1316841324797328,-0.036595637113175594,"Boulder, CO",Snow,False
9379,0.016674921163492472,-0.007704229179551984,-0.06046129788959793,-0.032466216742117124,"Bowling Green, KY",Temperate,False
9946,-0.005427217170175427,-0.00682094886326261,-0.022593028191808986,-0.0059697826455993195,"Bremerton, WA",Temperate,True
10162,-0.004470921077932066,-0.003042071175123591,-0.018761352251044097,-0.003872909598263123,"Bridgeport--Stamford, CT--NY",Temperate,True
10351,0.022015641714094106,-0.00694089535020384,0.08015453222440758,-0.0018966482315802956,"Bristol--Bristol, TN--VA",Temperate,False
10972,-0.002948313229708821,-0.0053353385861153605,0.041237166784240865,-0.016457205464568393,"Brownsville, TX",Temperate,True
11026,0.03624594583486828,-0.03160587660738302,0.07142076206194635,-0.16112467236697592,"Brunswick, GA",Temperate,True
11350,-0.004243628331596667,-0.013858438783318987,-0.057121915089012945,-0.01889141441532565,"Buffalo, NY",Snow,False
11728,0.02262063426430236,-0.0014753636205142792,0.005055921126414207,-0.0046977358062900345,"Burlington, NC",Temperate,False
11755,0.0007646027005209589,-0.01599872160421051,-0.0782507407244877,-0.03724599136957511,"Burlington, VT",Snow,False
12754,-0.03732475158211489,0.005133059995004867,-0.02321285151606609,-0.0024860719693670357,"Camarillo, CA",Temperate,False
13375,-0.003062927742869052,-0.01688962710271686,-0.05207218804928845,-0.030593269718556436,"Canton, OH",Snow,False
13510,-0.004964423121324148,0.002268877006939368,-0.02819253256506551,0.010975453129073125,"Cape Coral, FL",Temperate,True
13537,0.026373169864538294,-0.029859748240041336,-0.027598757662129686,-0.07955236421062699,"Cape Girardeau, MO--IL",Temperate,False
13591,-0.004811037577223231,-0.0006991871118160591,-0.049076645146004155,-0.0379602165292038,"Carbondale, IL",Temperate,False
14158,-0.11436246959900838,-0.03462427762096529,-0.1954474411270421,-0.053503668942019564,"Carson City, NV",Temperate,False
14185,-0.004678040448226863,-0.011216316444756916,-0.17607713610903125,-0.03717776432412665,"Cartersville, GA",Temperate,False
14401,0.04482898355571938,0.02325349678158753,-0.013781237490103288,0.04373109008247518,"Casa Grande, AZ",Arid,False
14482,-0.035836222839632496,-0.02511838904953809,-0.030719227112996544,-0.03061803385343733,"Casper, WY",Snow,False
14752,-0.001803486139276679,-0.0024164874362573733,-0.09493724608804095,-0.01860719753297803,"Cedar Rapids, IA",Snow,False
15184,-0.023225294419757816,-0.07640932388045427,-0.011924151020902633,-0.031482752972532196,"Chambersburg, PA",Temperate,False
15211,-0.0032439263050943194,-0.003911807397230008,-0.02688654864588374,-0.015528867584707439,"Champaign, IL",Snow,False
15481,0.008040253330791768,-0.009470121382988713,0.015720061981901977,-6.293852896817352e-05,"Charleston, WV",Temperate,False
15508,-0.01022152893568631,0.00019413330412762904,-0.05113856911182159,0.0021945686351908206,"Charleston--North Charleston, SC",Temperate,True
15670,0.0009454997200306393,0.00022540091389305564,-0.011577814621192114,0.0024676917168374077,"Charlotte, NC--SC",Temperate,False
15724,-0.003899559806844623,-0.016421266852967728,-0.05375292644766982,-0.019726343265050118,"Charlottesville, VA",Temperate,False
15832,-0.0052366253532298975,-0.01841791385229263,-0.025273675091513646,-0.023353196009412623,"Chattanooga, TN--GA",Temperate,False
16237,-0.038754938948638434,-0.026967788966503634,-0.06660299267287885,-0.03114649694625123,"Cheyenne, WY",Arid,False
16264,-0.005434284540039407,-0.0013201322660229325,-0.014398259463487169,-0.005077753517768747,"Chicago, IL--IN",Snow,False
16318,-0.009038972039381343,-0.012260571994946887,-0.02345204930618342,-0.009085725370218171,"Chico, CA",Temperate,False
16885,0.0015568437526031847,-0.007117167229682711,-0.012117545224779189,-0.012261704021014962,"Cincinnati, OH--KY--IN",Temperate,False
17317,0.0034448214220719094,-0.0086821809320213,-0.04737106138794375,-0.030950149384290127,"Clarksville, TN--KY",Temperate,False
17668,-0.004395303667267732,-0.008770709352631068,-0.03800100800446513,-0.017043952320411112,"Cleveland, OH",Snow,False
17722,0.036897444166859125,-0.010275018718442887,-0.12903145822869352,-0.06018463144167567,"Cleveland, TN",Temperate,False
18451,-0.06329865191572569,-0.05961579154184667,-0.0567957773220836,-0.008944051972268609,"Coeur d'Alene, ID",Snow,False
18748,-0.002283573468848142,-0.002974730233684005,-0.029660901232388195,-0.018184663151184114,"College Station--Bryan, TX",Temperate,False
18856,-0.04362918018644672,-0.016577820314913227,-0.07410122608873805,-0.014337511376015978,"Colorado Springs, CO",Temperate,False
18937,0.007211556804969909,-0.009614639918138716,-0.07054108726645457,-0.04503007513736602,"Columbia, MO",Snow,False
18964,0.0032035454209495707,0.0003772496418000546,-0.02024333566929803,-0.005870982707520814,"Columbia, SC",Temperate,False
19099,0.010975274535648262,-0.004949530712826429,-0.020790757918555627,-0.007440662479327662,"Columbus, GA--AL",Temperate,False
19126,0.007123306753146637,0.009076216887096684,-0.035092257232447334,-0.0019259019158476651,"Columbus, IN",Temperate,False
19234,0.0012198962693995112,-0.003583471170599387,-0.027051325859385165,-0.011460219514064377,"Columbus, OH",Snow,False
19504,-0.012416751697239138,-0.007343680676547833,-0.017609556506437057,-0.007078965893355146,"Concord, CA",Temperate,True
19558,0.0001021842806852614,0.00022860357143068756,-0.016600315487675998,-0.005066555335649621,"Concord, NC",Temperate,False
19755,0.001120534042780383,0.0005900946268394199,0.00535247462331922,0.008998640712692638,"Conroe--The Woodlands, TX",Temperate,False
19801,-0.008623267640144597,0.00030949861453443274,-0.07452302477951295,-0.030647654943848652,"Conway, AR",Temperate,False
20287,-0.0038406725712622353,-0.0008788340520707181,-0.033006940429801866,-0.004128306373551807,"Corpus Christi, TX",Temperate,True
20422,-0.01995543544924958,-0.015137611837528335,-0.015342736905209126,-0.011819609590261836,"Corvallis, OR",Temperate,False
21745,-0.03420027830944486,-0.07716284108948716,-0.1347238021256716,-0.03680658717987462,"Cumberland, MD--WV--PA",Temperate,False
22042,-0.001008229502915011,0.0005007223780828914,-0.0030815331474092454,-0.000182472348404519,"Dallas--Fort Worth--Arlington, TX",Temperate,False
22069,0.013092183603307175,-0.02899718648274488,-0.06526301573270005,-0.0533433852167493,"Dalton, GA",Temperate,False
22096,-0.011488429914749326,-0.010578898379347315,-0.04149294336839768,-0.01185152011813585,"Danbury, CT--NY",Temperate,False
22204,-0.011456151095144487,-0.0034198839990429233,-0.036599300306899674,-0.07648245407016933,"Danville, IL",Snow,False
22285,-0.026952800296417327,0.002723211285412638,0.010364612741395579,0.026949786479877256,"Daphne--Fairhope, AL",Temperate,True
22366,0.0058310459610926004,-0.005153375053180108,-0.005093636663231976,-0.02658980566209274,"Davenport, IA--IL",Snow,False
22420,-0.006881253562384663,-0.008836115400502467,-0.018138387727502234,-0.01204831853217057,"Davis, CA",Temperate,False
22528,0.007476778712884277,-0.0063932352431871385,0.005234351494653406,-0.01164755287706214,"Dayton, OH",Temperate,False
22690,0.0068628581137468985,0.0022096386386026767,-0.02357474067226269,-0.025623707356931924,"Decatur, AL",Temperate,False
22717,0.0058247264515672885,-0.011755544547242518,-0.07731691909894005,-0.043838974518648086,"Decatur, IL",Snow,False
22960,-0.010263897944755615,-0.01506384577241922,-0.04402822864012524,-0.019185994310046316,"DeKalb, IL",Snow,False
22987,0.017133524753387606,0.1225836736878971,0.07369249343749544,0.15983539218156745,"Delano, CA",Arid,False
23311,0.00027868593606401946,-0.020184583315382584,-0.15308183105176623,-0.04902744179166682,"Deltona, FL",Temperate,False
23500,-0.002888419398227058,-0.0015937421167645355,-0.008173621819644606,-0.0025399813674733037,"Denton--Lewisville, TX",Temperate,False
23527,-0.016296248696092083,-0.00444513421340199,-0.03110858464401933,-0.008753967457370617,"Denver--Aurora, CO",Arid,False
23743,-0.008026636954978284,0.0007195501074640645,-0.03958072246738748,-0.009472230180018644,"Des Moines, IA",Snow,False
23824,-0.006123276101707155,-0.0037086136385053037,-0.03787975389627905,-0.007486674426151151,"Detroit, MI",Snow,False
24472,0.0008075326323366141,-0.005828823717774829,-0.030356780533441718,-0.013254911556866342,"Dothan, AL",Temperate,False
24580,0.057245871256223296,-0.01577959019076577,-0.05560860381718758,-0.06031432712340426,"Dover, DE",Temperate,True
24607,-0.012437316316107387,-0.01659319497749873,-0.059209279056413835,-0.022159895126999757,"Dover--Rochester, NH--ME",Snow,False
24823,-0.010472043038021784,-0.014830147263222872,-0.0584500808418948,-0.04264184242482241,"Dubuque, IA--IL",Snow,False
24850,-0.03839537254000102,-0.05051802144536129,-0.08916807446917534,-0.028671018677554505,"Duluth, MN--WI",Snow,False
25228,0.006685738075215698,-0.005031058123842794,-0.028286575566293992,-0.01377617582141229,"Durham, NC",Temperate,False
25849,-0.022695654717196128,-0.01889717029473263,-0.0458481473715704,-0.027666194666525392,"East Stroudsburg, PA--NJ",Snow,False
26038,0.011282911947819819,-0.03140567222529391,0.04213956507200363,-0.040328494972143164,"Eau Claire, WI",Snow,False
26416,-0.022743764163812585,-0.02242180711484935,-0.04974817939519257,0.00798038401587324,"El Centro--Calexico, CA",Arid,False
26750,0.007177358959173274,-0.01994224222343523,-0.024487381401770484,-0.004422186645117018,"Elizabethtown--Radcliff, KY",Temperate,False
26794,0.0033806890148715954,-0.009294903676248974,-0.10751083941303285,-0.05377172633081049,"Elkhart, IN--MI",Snow,False
27118,-0.025985675772563072,-0.052147003371150406,-0.03958727062962096,-0.03879101513652201,"Elmira, NY",Snow,False
27253,-0.006178188767858181,-0.00279118662549955,-0.018629157950521225,-0.000703283651638536,"El Paso, TX--NM",Arid,False
27261,-0.03393822554964905,-0.01601951126062523,-0.06148436896532309,-0.02684625314493606,"El Paso de Robles (Paso Robles)--Atascadero, CA",Temperate,False
27766,-0.007944167581880776,-0.013430396338870212,-0.07670695254099177,-0.03252075076976326,"Erie, PA",Snow,False
28117,-0.030746981957723615,-0.027193719425683445,-0.08040180167988661,-0.01620362031882844,"Eugene, OR",Temperate,False
28333,-0.009210023794736616,-0.014780316932523966,-0.03160119585129303,-0.0425098936608181,"Evansville, IN--KY",Temperate,False
28549,-0.05341051281426731,-0.02536571713009482,-0.087714018428402,-0.0032592571339220607,"Fairbanks, AK",Snow,False
28657,-0.01898689186206902,-0.007585490851254025,-0.06452861869610854,-0.014440005869493495,"Fairfield, CA",Temperate,True
28981,-0.011753127715401507,0.01471102195160661,0.33535177899922514,0.08000640316459018,"Fajardo, PR",Tropical,True
29089,-0.011945667476536687,-0.012376067938877817,-0.0769707536742934,-0.05055122379007836,"Fargo, ND--MN",Snow,False
29278,0.03346175400712858,0.00213617949590228,0.12363772921593531,0.0013780066451137762,"Farmington, NM",Arid,False
29440,0.007254272908946542,-0.005100580954124031,-0.03084963568568116,-0.018568690460870063,"Fayetteville, NC",Temperate,False
29494,0.002764156461991485,-0.003661029832040147,-0.013692773919690284,-0.004724711593574029,"Fayetteville--Springdale--Rogers, AR--MO",Temperate,False
29818,-0.10171209725468447,-0.04992460390479675,-0.06539651709411978,-0.04516453899926147,"Flagstaff, AZ",Temperate,False
29872,0.010343141538059932,-0.010857332241164079,-0.014808266914218488,-0.022620810766440375,"Flint, MI",Snow,False
29953,0.03553730198138507,-0.004918385885738164,-0.05300949837939492,-0.031090523943067064,"Florence, AL",Temperate,False
30061,0.01752202651956323,-0.00023392446891817685,0.01736764246997509,0.0027064106650083177,"Florence, SC",Temperate,False
30115,-0.023883447822422764,-0.05359860315363679,-0.16321439137678742,-0.04523924381727394,"Florida--Imbéry--Barceloneta, PR",Tropical,True
30223,-0.033482967079535866,-0.02600649541997513,-0.15419407440286026,-0.06362983094798437,"Fond du Lac, WI",Snow,False
30628,-0.017843476545963806,-0.01805604952939908,-0.034699971810092545,-0.022796516981091197,"Fort Collins, CO",Snow,False
30925,0.016674247815558006,-0.00566296662028192,0.033711522935205254,-0.01606294432902838,"Fort Smith, AR--OK",Temperate,False
31060,-0.01203957279739407,0.00769125714946938,-0.1109663372601898,0.030948676987056088,"Fort Walton Beach--Navarre--Wright, FL",Temperate,True
31087,0.0003946252375123727,-0.0037639849579445867,-0.045005688230834444,-0.022722551420546105,"Fort Wayne, IN",Snow,False
31519,0.0018042998103155045,-0.024703299509029875,-0.07395822433353526,-0.01735512487559114,"Frederick, MD",Temperate,False
31600,-0.01481168505955903,-0.009252290252441555,-0.008915495654999024,-0.006264644049040611,"Fredericksburg, VA",Temperate,True
31843,-0.012547625603803207,-0.006488264408091838,-0.03584225777820316,-0.011787977818661597,"Fresno, CA",Arid,False
32113,0.020929081529016656,-0.014644881571712743,-0.050405354305510464,-0.04676883420268815,"Gadsden, AL",Temperate,False
32167,-0.02039584924705352,-0.006630361159154733,-0.05044231885647003,-0.026506474565514998,"Gainesville, FL",Temperate,False
32194,-0.0038698054969978865,-0.011536032711146822,0.001308679310701561,-0.012255538481482075,"Gainesville, GA",Temperate,False
32653,-0.004668252211860726,-0.0015342790175466264,-0.030985489300837298,-0.010383526055527614,"Gastonia, NC--SC",Temperate,False
33328,-0.03129029415472204,-0.009476216482720455,-0.022901523854681086,-0.002675020830324039,"Gilroy--Morgan Hill, CA",Temperate,False
33598,-0.0411976598184519,-0.03083892580821789,-0.14704942458681475,-0.023871710095229693,"Glens Falls, NY",Snow,False
33814,-0.011320950325525048,-0.013804223478436108,-0.041828920273210037,-0.0263213215082188,"Goldsboro, NC",Temperate,False
34219,0.007199715571174656,-0.02468309709405997,-0.16970026843208055,-0.03458784981168982,"Grand Forks, ND--MN",Snow,False
34246,-0.005540812937534672,-0.005664492765993009,0.03811355616489178,-0.06948270344256904,"Grand Island, NE",Snow,False
34273,-0.05010123629593596,-0.04013175217070173,-0.10652578247054356,-0.05424182628103105,"Grand Junction, CO",Snow,False
34300,0.007602911760360996,-0.00577037512417507,-0.018676466364278773,-0.017974380293404278,"Grand Rapids, MI",Snow,False
34516,-0.09732894959420195,-0.060732540389288533,-0.1405456848457218,-0.019752519092182515,"Grants Pass, OR",Temperate,False
34759,-0.02569440772644015,-0.048289074494587116,-0.0038231105490782657,-0.047622464134576804,"Great Falls, MT",Arid,False
34786,0.012600096053608827,-0.0005492755188099274,-0.01411056185335806,-0.01602842406856624,"Greeley, CO",Arid,False
34813,0.0026453714833349256,-0.01095439412116058,-0.09460864757782256,-0.0349934120405601,"Green Bay, WI",Snow,False
35164,0.007549877780993955,-0.008764582374422774,-0.02165651661937691,-0.013484401140393974,"Greensboro, NC",Temperate,False
35380,0.006108732777833175,-0.005878164346546355,-0.02420970416584185,-0.009830882625497004,"Greenville, NC",Temperate,False
35461,0.002609193331180411,0.005031869445964117,0.023029099219782044,0.0038635718547607076,"Greenville, SC",Temperate,False
35866,-0.0004384585365952343,-0.084165403877864,-0.23623700908121387,-0.07354435004792155,"Guayama, PR",Tropical,True
35920,0.004263669186128861,-0.011600206391399775,-0.09676066688623751,-0.0322965345892563,"Gulfport, MS",Temperate,True
36190,-0.013432049614703333,-0.03581532957050359,-0.08494604045889552,-0.05483112307972575,"Hagerstown, MD--WV--PA",Temperate,False
36514,0.017607318971243537,-0.004731731947381403,-0.11907742108573943,-0.05906836224752225,"Hammond, LA",Temperate,True
36703,0.0005207649074504718,-0.006756381778265671,-0.02391007366071175,0.008108269827563446,"Hanford, CA",Arid,False
36784,-0.009815461964307763,-0.038176780106339694,-0.13235308154044942,-0.045855760668488905,"Hanover, PA",Temperate,False
36892,-0.019854189850499436,-0.0070109046750611095,-0.060310543843738094,-0.010515074471182499,"Harlingen, TX",Temperate,False
37081,-0.018219352588225986,-0.01800610795927265,-0.023827802859099433,-0.01471995336532558,"Harrisburg, PA",Temperate,False
37162,-0.019247739307302933,-0.04369125436108643,0.07088958257985627,-0.09254313217799452,"Harrisonburg, VA",Temperate,False
37243,-0.013861749509790569,-0.010149209937721962,-0.03931401083835132,-0.01284636382915029,"Hartford, CT",Snow,False
37594,0.003711011525796979,-0.014349558339819267,-0.07112880914480176,-0.025980218937555147,"Hattiesburg, MS",Temperate,False
37945,-0.03402113766269305,-0.05532434028600249,-0.10249923461612884,-0.046672874692997864,"Hazleton, PA",Snow,False
38215,-0.018627913707128355,-0.039915777653026674,-0.031961431851719624,-0.030273518153067606,"Hemet, CA",Temperate,False
38647,0.015115368796316472,0.007524366548732395,-0.05170548626215227,0.013202568703638621,"Hickory, NC",Temperate,False
38809,0.0006541239517598815,-0.0008421735883684646,-0.030638297834712978,-0.01440049183467839,"High Point, NC",Temperate,False
39079,-0.010207057643555536,-0.00143110662627762,0.04879700545673042,-0.0012709709312427758,"Hilton Head Island, SC",Temperate,True
39133,0.01886172745290576,-0.010254462598923715,-0.13874017267873176,-0.10384875718221953,"Hinesville, GA",Temperate,True
39430,0.01164052675379632,-0.010819392270458104,-0.014521608308918046,-0.022377570598635536,"Holland, MI",Snow,False
39758,-0.0055110175907514625,0.00018034208775734827,-0.05734856361114551,-0.02072604486775712,"Homosassa Springs--Beverly Hills--Citrus Springs, FL",Temperate,True
40213,0.0002903224082718822,-0.013286332128868365,-0.03829617919742985,-0.02909958957816101,"Hot Springs, AR",Temperate,False
40375,-0.010208736829970222,-0.003270827096269103,-0.044416010385768784,-0.020504611467629837,"Houma, LA",Temperate,True
40429,-0.0011976881133539193,0.0004434970979775167,-0.008762636632350275,0.00021039506908231853,"Houston, TX",Temperate,True
40753,0.006969100177778178,-0.02057067357636693,-0.0007930844185218635,-0.026364108324641717,"Huntington, WV--KY--OH",Temperate,False
40780,0.00550696857771079,0.000969992971258111,-0.0047699818794922945,-0.0038579358570890805,"Huntsville, AL",Temperate,False
40996,-0.08983592677308523,-0.06775328354712169,-0.23082584384115276,-0.05529800122848116,"Idaho Falls, ID",Snow,False
41212,0.005309382624614724,-0.0018271310213215533,-0.025196557192092153,-0.012756287991269585,"Indianapolis, IN",Snow,False
41347,-0.008347109008427512,-0.007368279963620363,-0.014504890256415152,-0.007741846804599681,"Indio--Cathedral City, CA",Arid,False
41590,-0.00868088866033871,-0.006010700349024328,-0.0657121317348265,-0.02391085531874539,"Iowa City, IA",Snow,False
41914,0.0037063578165422947,-0.010693937076067703,-0.048338213410869205,-0.0025366554073720025,"Ithaca, NY",Snow,False
42157,0.0018783044100819262,-0.021633503154654267,-0.0353322281362314,-0.04903264423563673,"Jackson, MI",Snow,False
42211,0.00331168837849576,-0.003910636884704934,-0.013595206392619163,-0.002628295448984315,"Jackson, MS",Temperate,False
42265,0.009336197546783003,0.0023931358618442685,-0.037996903408608014,-0.005098126125476867,"Jackson, TN",Temperate,False
42346,-0.008867605466408747,-0.0021918026385329046,-0.047189927025896555,0.0030964376535821034,"Jacksonville, FL",Temperate,True
42400,0.011560340476841685,-0.021686675255845493,-0.05994469957805865,-0.02884287647757659,"Jacksonville, NC",Temperate,True
42562,0.013857796571751244,-0.005903680535893927,-0.10144970305541728,-0.0244242816264233,"Janesville, WI",Snow,False
42967,-0.002947136478310982,-0.014409612559903527,-0.02953851137663997,-0.04081484930136657,"Jefferson City, MO",Temperate,False
43210,0.008514011837012834,-0.00010133789669212258,0.013209577724525218,-0.021340731116550625,"Johnson City, TN",Temperate,False
43291,-0.045101827023061335,-0.08626314534019575,-0.04607441390103201,-0.06540527469286499,"Johnstown, PA",Snow,False
43345,-0.03511906429455363,0.012556444545134032,-0.11147332012274186,-0.01463458309844278,"Jonesboro, AR",Temperate,False
43399,0.004545384864273599,-0.009977075507067673,-0.13562434787979102,-0.04702752868498079,"Joplin, MO",Temperate,False
43453,0.04678698195097067,0.09177904084476543,0.10371752656743706,0.0006134386637694074,"Juana Díaz, PR",Tropical,True
43723,-0.0024565901951055873,-0.01552757295425701,-0.02980081257017538,-0.023525420875984745,"Kalamazoo, MI",Snow,False
43885,0.0026181585918589817,-0.009362723051148528,-0.06809610697295732,-0.08806914308702843,"Kankakee, IL",Snow,False
43912,-5.822387997394777e-05,0.001473509582878407,-0.0076663345668576055,-0.00553476746882312,"Kansas City, MO--KS",Temperate,False
44479,-0.005262984996284515,-0.005484103584201312,-0.004448946287152877,-0.014801174443882908,"Kennewick--Pasco, WA",Arid,False
44506,-0.02064881268078773,0.004233597402883141,-0.1021914129060002,-0.005857347863415667,"Kenosha, WI--IL",Snow,False
44992,-0.009420651937877965,0.00137228605895922,-0.04079814382612973,-0.008867714964171786,"Killeen, TX",Temperate,False
45235,0.011903262342713427,-0.009794883575791556,0.013741947865864428,-0.018396266246430978,"Kingsport, TN--VA",Temperate,False
45262,-0.02647021645613285,-0.03299642739360089,-0.09933009669164249,-0.032620549755298704,"Kingston, NY",Snow,False
45451,-0.015572118857603416,-0.006994227657623394,-0.13610498259131765,-0.017311657261585657,"Kissimmee, FL",Temperate,False
45640,0.0031683200687335853,-0.0009503824810372127,-0.005582707126191825,0.0048944915837367264,"Knoxville, TN",Temperate,False
45694,-0.002689829839199597,-0.014511841350537407,-0.10153751853534193,-0.061161456266058935,"Kokomo, IN",Snow,False
45910,0.023130588969071754,-0.017297334684310703,-0.04943212779826235,-0.04870746811651289,"La Crosse, WI--MN",Snow,False
45937,0.017386935518151136,0.009442223516329196,0.06379281970058388,0.05955644538557028,"Lady Lake--The Villages, FL",Temperate,False
46018,-0.0047333618386545245,-0.0018657376109441938,-0.021361567677543093,-0.017824212735231888,"Lafayette, IN",Snow,False
46045,-0.0018495113251602983,-0.0016823396693566406,-0.021629188321907702,-0.01318030181351582,"Lafayette, LA",Temperate,False
46126,-0.004639141798273918,-0.00881425373023767,-0.0158578059764449,0.004100036857253097,"Lafayette--Louisville--Erie, CO",Snow,False
46531,-0.007043008092082068,0.00036320826262070536,-0.03248508323027262,-0.011588342317381805,"Lake Charles, LA",Temperate,False
46747,0.004685917069683548,0.007390639920914144,-0.0353983472792037,0.025049341596058122,"Lake Havasu City, AZ",Arid,False
46801,-0.006556834234386656,-0.005120320066709904,-0.04493516782232692,-0.017777080044838012,"Lake Jackson--Angleton, TX",Temperate,True
46828,-0.005134604298899192,0.0013335052494752328,-0.0327318556578284,-0.0027860842097429924,"Lakeland, FL",Temperate,False
47530,-0.019401153122062916,-0.017165056305228223,-0.05483235298539719,-0.00996553401015231,"Lancaster, PA",Temperate,False
47611,-0.013446869422537555,-0.010677953139622323,0.002989820702070898,-0.0033107548545540455,"Lancaster--Palmdale, CA",Arid,False
47719,0.006243581556304373,-0.009909828951265564,-0.031878283620870404,-0.019547393323560456,"Lansing, MI",Snow,False
47854,-0.008946952914622776,-0.004928237977795238,-0.05127267818331755,-0.009997101306823231,"Laredo, TX",Arid,False
47935,-0.040897527555299525,-0.033421708305033,-0.030112023556654398,-0.05093354965132759,"Las Cruces, NM",Arid,False
47995,-0.03407220703643267,-0.02388063887904852,-0.04214725930099874,-0.02818982658328048,"Las Vegas--Henderson, NV",Arid,False
48232,-0.036269184492007084,0.010402521316907996,-0.017179706266133053,-0.01895874276728045,"Lawrence, KS",Temperate,False
48394,-0.009372124195109029,-0.00025964102176455437,-0.052320909606702506,-0.039709104650128904,"Lawton, OK",Temperate,False
48664,-0.047097641166753766,-0.06400031336369845,-0.13192501526223893,-0.03666545459846649,"Lebanon, PA",Temperate,False
48799,-0.021122798550232916,-0.009616199235339011,-0.022064477594085714,-0.0376821736713753,"Leesburg--Eustis--Tavares, FL",Temperate,False
48826,0.004905765589362316,-0.0024133080336647254,-0.05477624448157842,-0.02754283905780508,"Lee's Summit, MO",Temperate,False
49096,-0.019327682269354916,-0.0295109504887692,-0.044793777634550905,-0.021931641763279094,"Leominster--Fitchburg, MA",Snow,False
49312,-0.08941281736990148,-0.06898543755200531,-0.16753494219580822,-0.0615777510119662,"Lewiston, ID--WA",Temperate,False
49339,-0.06015961319640638,-0.04707303363543077,-0.2604877052798177,-0.09123061959579731,"Lewiston, ME",Snow,False
49582,0.0019450039942541064,-0.001787370617938392,-0.01944071626026107,-0.018519136577047617,"Lexington-Fayette, KY",Temperate,False
49594,-0.01257854435337406,-0.0011910168919709273,-0.008331731638250883,-0.01589633703400866,"Lexington Park--California--Chesapeake Ranch Estates, MD",Temperate,True
49852,0.015247690322500274,-0.0050503403941661446,-0.03364054216449199,-0.04209853593106291,"Lima, OH",Snow,False
49933,-0.012932555862467617,-0.0064506922798788936,-0.007362919632669258,-0.017838037109677744,"Lincoln, NE",Snow,False
50392,0.00654048074368877,0.00010436773975852729,-0.014012537343976316,-0.004676331608957442,"Little Rock, AR",Temperate,False
50527,0.0029658210697513705,0.0061683836400931195,-0.034224396347809105,-0.00035900624023517977,"Livermore, CA",Temperate,False
50851,-0.017834883324135888,-0.014253902338528395,-0.07180110662103703,-0.017237527891621023,"Lodi, CA",Temperate,False
50959,-0.024946748074499932,-0.02869563987807352,-0.029589894134604423,-0.008796437030173281,"Logan, UT",Snow,False
51040,-0.040199659318338,-0.01969175717680193,-0.03186517446664592,-0.04222095591747804,"Lompoc, CA",Temperate,True
51175,-0.009536720544518354,-0.015681020369690896,-0.053177343111936434,-0.022670041821846308,"Longmont, CO",Snow,False
51256,-0.002650651377062037,-0.0011336377809362068,0.014923295114972316,-0.014865759929614284,"Longview, TX",Temperate,False
51283,-0.04065878013831186,-0.02964269725640329,-0.15896707731916265,-0.02005438059878614,"Longview, WA--OR",Temperate,True
51364,0.007176531518898741,-0.013801369919633138,-0.026827713129399158,-0.03231785145236702,"Lorain--Elyria, OH",Snow,False
51445,-0.01866657928048746,-0.005605886124308334,-0.04022675981251887,-0.003134511559497462,"Los Angeles--Long Beach--Anaheim, CA",Temperate,True
51499,0.03530700515434857,0.034116075494823234,0.10510533596713612,-0.010085169002753873,"Los Lunas, NM",Arid,False
51755,-0.00022425729415538544,-0.006498602674692362,-0.009907278781969215,-0.01406507095458467,"Louisville/Jefferson County, KY--IN",Temperate,False
51877,-0.007994442019787034,-0.006184253019160071,0.021779843901221226,-0.002564079505646284,"Lubbock, TX",Arid,False
52201,0.008684449768542345,-0.015684370341697406,-0.04399263902030429,-0.022466863366444156,"Lynchburg, VA",Temperate,False
52390,0.008388150048402767,0.003377368950300101,0.0010484965045745613,0.012501103558128559,"McAllen, TX",Arid,False
52687,0.006972815894659629,-0.001631637158472665,0.039200154118084814,0.00506024087936045,"McKinney, TX",Temperate,False
52822,0.0029735818875943607,-0.006849501195438909,-0.026598307521807495,-0.030850630533844247,"Macon, GA",Temperate,False
52984,-0.059763239174978666,-0.034982780921630395,-0.11342383240629964,-0.06416798521332114,"Madera, CA",Arid,False
53200,0.009372134651532978,0.0007529102798401454,-0.019476758916195918,-0.014222465666238462,"Madison, WI",Snow,False
53740,-0.025467890661454638,-0.02005354613613123,-0.09280519393909689,-0.03383165221567358,"Manchester, NH",Snow,False
53794,-0.001972106937671948,0.003026565597336695,0.03787222903206042,0.008454512611098884,"Mandeville--Covington, LA",Temperate,True
53848,-0.017360301460516224,-0.015898073043779694,-0.09818722347679441,-0.05380250014618836,"Manhattan, KS",Temperate,False
53983,0.01979426235231086,-0.02140760988349298,-0.18615484452199227,-0.08452329392495739,"Mankato, MN",Snow,False
54091,0.006543771814259732,-0.037989269097807955,-0.026618466775081714,-0.04888293938028954,"Mansfield, OH",Snow,False
54145,-0.06196584901162349,-0.027222688129445723,-0.11354450312904286,-0.013064177269821778,"Manteca, CA",Temperate,False
55333,-0.007187370651157855,-0.021729952537234917,-0.06947107018857619,-0.0097136006231202,"Marysville, WA",Temperate,True
55603,0.008914492831161388,0.008056418507228387,0.04107928543891244,0.013875613060708322,"Mauldin--Simpsonville, SC",Temperate,False
55738,0.006389120927540443,-0.00979645546969163,0.017257402090376676,0.032523468730978625,"Mayagüez, PR",Tropical,True
55981,-0.08377073508312256,-0.045363904013898414,-0.11038249398330373,-0.019547867989334528,"Medford, OR",Temperate,False
56116,-0.0003132599438181285,-0.0036659080057181927,-0.016296172651919683,-0.005101512664658311,"Memphis, TN--MS--AR",Temperate,False
56251,-0.009518394403535491,-0.006033651518516671,-0.06629516188543308,-0.024433826649964883,"Merced, CA",Arid,False
56602,-0.001995019277958855,-0.003885395364488298,-0.037478601334382605,-0.0022877157796790683,"Miami, FL",Tropical,True
56656,-0.0036522142102113834,-0.012730842576523321,-0.020773902740928146,-0.016898878076195667,"Michigan City--La Porte, IN--MI",Snow,False
56899,-0.031017535802921034,-0.03847539877185535,-0.11843584005302625,-0.05354965441486045,"Middletown, NY",Snow,False
56926,0.01825525897773571,-0.03023684546448484,-0.06315922792430932,-0.04886509373643458,"Middletown, OH",Temperate,False
56980,0.022637908577338807,-0.01279468474272255,0.03531270513393641,0.00014062433180823207,"Midland, MI",Snow,False
57007,0.0034230400085539818,0.00033784796641673473,0.013567155930312299,-0.008601415704896248,"Midland, TX",Arid,False
57466,-0.008241504699916828,-0.0023708753356518147,-0.055618267157784236,-0.01152413478678578,"Milwaukee, WI",Snow,False
57628,-0.002714995981902566,-0.0049167169975862955,-0.023229077313144417,-0.005762682969279174,"Minneapolis--St. Paul, MN--WI",Snow,False
57709,-0.008996600734177709,-0.00795118420142119,-0.01761965681383473,-0.006420966443541957,"Mission Viejo--Lake Forest--San Clemente, CA",Temperate,True
57736,-0.11647155014964532,-0.08243594253839596,-0.1611252103160166,-0.007915235070332483,"Missoula, MT",Snow,False
57925,0.00188033587770286,-0.00814805710601411,-0.014789437335430996,-0.010824765467340675,"Mobile, AL",Temperate,True
58006,-0.002023215753717129,-0.003640859067601755,-0.030893242672664287,-0.006124542456909715,"Modesto, CA",Temperate,False
58168,-0.02173672041515251,-0.030599429267650354,-0.03646484868699287,-0.044458780550184165,"Monessen--California, PA",Temperate,False
58330,-0.00019464136039203263,-0.006120235132672014,-0.015872122576589265,-0.03111633011631907,"Monroe, LA",Temperate,False
58357,0.02589649821919724,-0.016715773082277445,-0.05874277054584237,-0.049256254703114975,"Monroe, MI",Snow,False
58600,-0.013421433229141858,-0.005379578704181606,-0.04522655571358608,-0.012963396191479341,"Montgomery, AL",Temperate,False
59275,-0.019701390108633,-0.05092378617383997,-0.04465164668195918,-0.03563002111378238,"Morgantown, WV",Temperate,False
59410,-0.006491425488045696,-0.035756647470306976,-0.028432517428611,-0.05323197067765091,"Morristown, TN",Temperate,False
60490,-0.053688143761625215,-0.057875412014675755,-0.1469404669813971,-0.02910341283705172,"Mount Vernon, WA",Temperate,True
60625,0.00041467699859581964,-0.0007610587577952714,-0.1029907333717062,-0.03743399276569148,"Muncie, IN",Snow,False
60733,-0.011929729793718957,-0.009329990340212195,-0.034254780609967915,-0.0039105923801451324,"Murfreesboro, TN",Temperate,False
60799,-0.003652631734102529,0.004451268918349948,-0.004404075038869544,0.008854846385534933,"Murrieta--Temecula--Menifee, CA",Temperate,False
60841,0.022942896378306748,-0.009380134668943692,-0.09185498127984276,-0.01743904109054758,"Muskegon, MI",Snow,False
60895,0.009326194100283347,0.0012352627659323857,0.021518003247997235,0.011072852700687611,"Myrtle Beach--Socastee, SC--NC",Temperate,True
60976,-0.007484168644134297,-0.07329947100821795,-0.07033959573965516,-0.042208537606954255,"Nampa, ID",Arid,False
61057,-0.004063281264544274,-0.0025788453436316324,-0.036094196900360066,-0.0147080491665028,"Napa, CA",Temperate,False
61165,-0.012724886736907507,-0.012859533277629863,-0.03938916051061036,-0.011967783606141839,"Nashua, NH--MA",Snow,False
61273,0.002928648542497536,-0.004401617463045164,-0.004556549813408855,-0.002564608673116479,"Nashville-Davidson, TN",Temperate,False
61705,0.019094243800493012,-0.009356637077615866,-0.009322895320043758,-0.05601095221709696,"Newark, OH",Temperate,False
61786,-0.02701307099680853,-0.014107782491421725,-0.06903082495780946,-0.032697731836353584,"New Bedford, MA",Temperate,True
61840,0.01680555895768921,-0.020819839272839917,-0.019351990071399535,-0.07742759776797516,"New Bern, NC",Temperate,True
62407,-0.016713594647949588,-0.013039750838191127,-0.055915822309477524,-0.011104117149995247,"New Haven, CT",Temperate,True
62677,0.0012235079916297436,0.0007198695514962301,0.009483780541030508,-0.0019893540672382354,"New Orleans, LA",Temperate,True
63217,-0.008133007997170287,-0.004829460699182208,-0.0258493580038678,-0.004349765532197039,"New York--Newark, NY--NJ--CT",Temperate,True
63433,-0.007002985057796728,-0.010980939883432895,-0.06394674400164181,-0.019696766397732966,"Norman, OK",Temperate,False
63838,-0.006866442288357801,0.005711415428112708,-0.003778611528262093,0.010584866338239556,"North Port--Port Charlotte, FL",Temperate,True
64135,-0.007242165391286399,-0.003984206008991727,-0.04849946721558785,-0.003174526417767781,"Norwich--New London, CT--RI",Temperate,True
64567,-0.021289882828235893,-0.0024116152856918254,-0.05396668402834919,-0.01910145313567043,"Ocala, FL",Temperate,False
64864,0.002716103698527287,-0.012006461396575812,-0.030189103333615866,0.01168867134969625,"Odessa, TX",Arid,False
64945,-0.05714517734030523,-0.015447489147800733,-0.09880264833057945,-0.02125860904189885,"Ogden--Layton, UT",Temperate,False
65080,-0.010931521597418748,-0.004534382278561187,-0.035389578211778426,-0.009426000428731766,"Oklahoma City, OK",Temperate,False
65242,-0.021217837667461367,-0.0009209123608260967,-0.061335760788852486,-0.01235896298022406,"Olympia--Lacey, WA",Temperate,True
65269,-0.004468754003109606,-0.0015104006293756409,-0.022605454921368555,-0.009967832449137203,"Omaha, NE--IA",Snow,False
65863,-0.0070841853435516,-0.0016886275341340075,-0.035328687151574355,-0.00770727035874961,"Orlando, FL",Temperate,False
66160,0.0030966598918047835,-0.012389105863226382,-0.15788115799602326,-0.04135508445694119,"Oshkosh, WI",Snow,False
66484,-0.022375674668882142,0.0009324315633587018,-0.11024569898383471,-0.01947747504085294,"Owensboro, KY",Temperate,False
66673,-0.016862566958846935,-0.009166947339330931,-0.04112934049592749,-0.009595256552179476,"Oxnard, CA",Temperate,True
67105,-0.002295412795558832,0.0036090417176464712,-0.03462480152340658,0.023037614076414987,"Palm Bay--Melbourne, FL",Temperate,True
67134,-0.006252588964298334,0.00030279353100325383,-0.08737813742760184,0.01141483827653773,"Palm Coast--Daytona Beach--Port Orange, FL",Temperate,True
67294,0.006482924272133784,0.0004857181634656109,-0.07453641837268221,-0.007050899106386355,"Panama City, FL",Temperate,True
67672,0.0171860542110004,-0.03807568493135604,-0.05177759095359625,-0.07894085347464067,"Parkersburg, WV--OH",Temperate,False
67807,0.018448719362167663,-0.004115702211433929,-0.12828716882494137,-0.007135476206452844,"Pascagoula, MS",Temperate,True
68482,0.00022782270597271833,-0.008648649342111321,-0.08858419151628771,-0.022923610381049155,"Pensacola, FL--AL",Temperate,True
68509,0.002284324815796617,-0.0095842365705979,-0.030194874657706212,-0.0326097243288672,"Peoria, IL",Snow,False
68887,-0.011701038532641362,-0.008526915740185959,0.01807148144132328,0.02857406029328918,"Petaluma, CA",Temperate,True
69076,-0.0076800594033688925,-0.007679748851720864,-0.028635335628844124,-0.007010536982617676,"Philadelphia, PA--NJ--DE--MD",Temperate,True
69184,-0.011172111795292405,-0.007371997865426413,-0.024016327820718567,-0.006805808525979516,"Phoenix--Mesa, AZ",Arid,False
69454,0.04931600258159578,-0.012140226779211444,-0.042118489044792234,-0.13290639958008915,"Pine Bluff, AR",Temperate,False
69697,-0.003763941935472042,-0.009069850020021189,-0.010590846140613371,-0.011454999841553189,"Pittsburgh, PA",Temperate,False
69778,-0.03614175106952979,-0.070555356031782,-0.08215337896400102,-0.03622140795146363,"Pittsfield, MA",Snow,False
70426,-0.08617149443999017,-0.054711422209404975,-0.1529262891391504,-0.04652144557754632,"Pocatello, ID",Snow,False
70642,-0.004804462460261552,-0.008386119190139632,-0.024913293794011866,-0.016410865112130003,"Ponce, PR",Tropical,True
70993,0.017577211351376933,-0.007341640356824134,-0.05036655751141828,-0.04337983866313525,"Port Arthur, TX",Temperate,True
71074,-0.005038986318832148,-0.02403125301469565,-0.06817481088575551,-0.01259459221966817,"Porterville, CA",Arid,False
71155,-0.004738699111697229,-0.006342600433667123,-0.030562911468112176,-0.0226069406582755,"Port Huron, MI",Snow,False
71263,-0.02132945732584255,-0.011949103573199725,-0.06674842004098998,-0.01799537210999902,"Portland, ME",Snow,True
71317,-0.009095055699120419,-0.008877390112866338,-0.03219301031616191,-0.00542440697961034,"Portland, OR--WA",Temperate,False
71479,0.000729288996903188,0.0012725489305731375,-0.03750189769075715,0.01004486831638697,"Port St. Lucie, FL",Temperate,True
71506,-0.025430591515833503,-0.0017715508776706397,-0.03678819207742111,-0.012302576492712453,"Portsmouth, NH--ME",Snow,True
71749,-0.026621564743876256,-0.030438523880857837,-0.06344027334699381,-0.021404701247204116,"Pottstown, PA",Temperate,False
71803,-0.014056228640289877,-0.016949054597497196,-0.03972804285438336,-0.015860977657358305,"Poughkeepsie--Newburgh, NY--NJ",Snow,False
72112,-0.059703193666805966,-0.010585347577060757,-0.1464086690460854,-0.05713182536889241,"Prescott Valley--Prescott, AZ",Arid,False
72505,-0.021801655143130164,-0.004183425349273072,-0.04984472858263906,-0.011589111945702208,"Providence, RI--MA",Temperate,True
72559,-0.040502144929390214,-0.014804054091944872,-0.06593282433439922,-0.01490849719854256,"Provo--Orem, UT",Snow,False
72613,-0.016030435548359867,-0.031125939235404087,-0.11316997731878915,-0.05485960488497569,"Pueblo, CO",Arid,False
73153,0.004996467185450491,0.001435461487393617,-0.06887567503869492,-0.029866844676793552,"Racine, WI",Snow,False
73261,0.002356386330919247,0.0002493442073010593,-0.00792213439934116,-0.0014877566553371906,"Raleigh, NC",Temperate,False
73396,-0.051538129397512907,-0.046927586100670285,-0.051072216971660284,-0.030823607742980746,"Rapid City, SD",Snow,False
73693,-0.039814017747063314,-0.021928318729593284,-0.08820388693805649,-0.02366860856252583,"Reading, PA",Temperate,False
73774,0.004116427766531574,-0.008578301021660142,-0.017659374886460424,-0.022629875822372837,"Redding, CA",Temperate,False
74179,-0.03458417146442164,-0.019514693849468526,-0.05304039014899491,-0.014777476881325665,"Reno, NV--CA",Temperate,False
74746,0.0022552014660215027,-0.0019365593588758078,-0.021356456028393353,-0.005362480894669724,"Richmond, VA",Temperate,True
75340,-0.021133419267285323,-0.01644892496235884,-0.03624240260611382,-0.012464644214173959,"Riverside--San Bernardino, CA",Temperate,False
75421,-0.024722761492440907,-0.049778901423804055,-0.06276725455299018,-0.04113695332362547,"Roanoke, VA",Temperate,False
75637,-0.002831096314632033,-0.004568462072300639,-0.03740384782682707,-0.01715986617742022,"Rochester, MN",Snow,False
75664,-0.010334704237197498,-0.012671250787015831,-0.055280090587311814,-0.016609029287987243,"Rochester, NY",Snow,False
75718,-0.004150288736946897,-0.001634681231791843,-0.018040541200740907,-0.021563646949572333,"Rockford, IL",Snow,False
75745,0.007714332712209368,-0.005141896275868662,-0.06902376625107222,-0.019962204592388108,"Rock Hill, SC",Temperate,False
75988,-0.004343261870573412,-0.010232762766139342,-0.028533220103919774,0.007130547308123176,"Rocky Mount, NC",Temperate,False
76204,0.0037355639728613404,-0.00453232320261141,-0.09994395737723381,-0.06266009346129776,"Rome, GA",Temperate,False
76474,-0.00689470259775271,-0.0017309706442189938,-0.014807677294602693,0.00048050583168080934,"Round Lake Beach--McHenry--Grayslake, IL--WI",Snow,False
77068,-0.0034869713933072337,0.0018491563694194636,-0.02504252729999375,-0.00033137800868990205,"Sacramento, CA",Temperate,False
77149,0.004092612088819838,-0.002910416174779072,-0.043647242279579446,-0.011965536785103606,"Saginaw, MI",Snow,False
77230,0.014849025570731592,0.000965368549266108,0.0072773795237979005,0.019279312957057825,"St. Augustine, FL",Temperate,True
77338,-0.03117719049947404,-0.03696458088243631,-0.050003282972206825,-0.0024643055788696553,"St. Cloud, MN",Snow,False
77446,0.005227669660743569,-0.03661000926420574,-0.057007459759191706,-0.014047471073502408,"St. George, UT",Arid,False
77743,0.015302534913488996,-0.03301953179961228,-0.030019537431396,-0.05530555714160869,"St. Joseph, MO--KS",Snow,False
77770,-0.004803079633335145,-0.002542339019549538,-0.010724477427015168,-0.00823321060534265,"St. Louis, MO--IL",Temperate,False
78229,-0.004706150755873424,-0.014391793793452205,-0.01457245379106862,0.0043458035265601155,"Salem, OR",Temperate,False
78310,-0.01658571701196603,-0.01243959285447272,-0.029104946541520224,-0.0026129951671362566,"Salinas, CA",Temperate,True
78364,0.004023565511065239,-0.00959910783794888,-0.0431939687768933,-0.00369609626157933,"Salisbury, MD--DE",Temperate,True
78499,-0.041913115355295856,-0.01119049760811121,-0.06682809078795834,-0.010181427291500905,"Salt Lake City--West Valley City, UT",Snow,False
78553,-0.012125420636843097,-0.052277545820552294,-0.04935276384931,-0.036642153480214455,"San Angelo, TX",Temperate,False
78580,-0.014866113634516563,-3.729796770090563e-05,-0.014433435838658413,-0.008192228634610159,"San Antonio, TX",Temperate,False
78661,-0.01021152917407641,-0.005116810388177335,-0.02709880881973547,-0.004527257759306753,"San Diego, CA",Arid,True
78904,-0.007322020126199971,-0.0030492755090482447,-0.01704558064403855,-0.002886833294558534,"San Francisco--Oakland, CA",Temperate,True
78985,-0.010372139453551088,0.00489631946252095,0.07232903487893727,-0.00030018112501810855,"San Germán--Cabo Rojo--Sabana Grande, PR",Tropical,True
79039,-0.009784208520390653,-0.0009353917387995774,-0.014681755795466316,-0.004015083016057756,"San Jose, CA",Temperate,False
79093,0.028453681648475487,0.03897802210935287,0.06081974368986153,0.05659096652705205,"San Juan, PR",Tropical,True
79147,-0.005792452666249013,-0.007267156053685794,0.011842556472201598,0.002385497949702274,"San Luis Obispo, CA",Temperate,True
79201,-0.011296039326728817,-0.003494683255534661,0.02437325902369154,-0.02566951699171669,"San Marcos, TX",Temperate,False
79282,-0.020458493132008773,-0.007253581460296653,-0.03772509487827148,-0.013853934160540534,"Santa Barbara, CA",Temperate,True
79309,0.004867925943471615,0.004469950549477553,-0.0034126383887051986,-0.0014094567824109673,"Santa Clarita, CA",Arid,False
79336,-0.016821719799473632,-0.01176620738945908,-0.026371583406621987,-0.012183859468152364,"Santa Cruz, CA",Temperate,True
79363,-0.03950533779941814,-0.014896739963706673,-0.1217092207181272,-0.03391992719865877,"Santa Fe, NM",Temperate,False
79417,-0.002807797721701886,-0.011147944307892144,-0.019974928050231624,-0.014757887498885324,"Santa Maria, CA",Temperate,True
79498,-0.009892838219754731,0.0013730391094933245,-0.02854837021461347,0.0007376695917271611,"Santa Rosa, CA",Temperate,False
79606,-0.0018015847467208344,-0.0007073905226647118,-0.04909285990793266,0.006065295558466399,"Sarasota--Bradenton, FL",Temperate,True
79633,-0.0009447190626329724,0.0013382844245431057,-0.0037396571747492953,0.01396729769093689,"Saratoga Springs, NY",Snow,False
79768,0.006204919431412531,-0.009125887166952295,-0.07135753378490968,-0.03642778962145094,"Savannah, GA",Temperate,True
80227,-0.034589845060237594,-0.05298247668297644,-0.12268370082416516,-0.044475456902967905,"Scranton, PA",Snow,False
80362,-0.0006264647634332688,-0.005024808725142466,-0.023035451688021256,0.0010849749052240132,"Seaside--Monterey, CA",Temperate,True
80389,-0.007517042493278659,2.1052791188446746e-06,-0.02539982223432586,0.005379189002922168,"Seattle, WA",Temperate,True
80400,-0.002192104314202398,0.004891886807630016,-0.045697926979712825,0.029957912277726,"Sebastian--Vero Beach South--Florida Ridge, FL",Temperate,True
80416,-0.017238667787286884,-0.012884717275293856,-0.009103232157692234,-0.013869932443131497,"Sebring--Avon Park, FL",Temperate,False
81631,-0.003268911958628836,-0.0030215659228069007,-0.07945633670188616,-0.050316348553873895,"Sherman, TX",Temperate,False
81739,0.0004085005180035912,-0.005070448027221351,-0.03978241807603144,-0.018977089276845657,"Shreveport, LA",Temperate,False
81901,-0.03555297611229625,-0.033046835797093076,-0.08744746686476355,-0.044282202993798855,"Sierra Vista, AZ",Temperate,False
82144,-0.013615864234956818,-0.012972663752805562,-0.0657623854201976,-0.013741744763802813,"Simi Valley, CA",Temperate,False
82225,-0.0031503496564126293,-0.012934947698077546,0.0012835868212171936,-0.04516917821993323,"Sioux City, IA--NE--SD",Snow,False
82252,-0.004968762658680698,-0.016033614066728392,-0.02051696843396583,-0.03706160137321634,"Sioux Falls, SD",Snow,False
82468,-0.0048545257783488725,0.009842849078337327,0.008871361859668702,0.06286033770038864,"Slidell, LA",Temperate,True
83116,0.010616723712378132,-0.005982084115867885,-0.026597961919316345,-0.021795902563540536,"South Bend, IN--MI",Snow,False
83332,0.009913674815652364,-0.007160580200804191,-0.022568496033054046,-0.015475405398273613,"South Lyon--Howell, MI",Snow,False
83548,0.01161235788213523,-0.008724044546786994,-0.019302532437293376,-0.023583932573412132,"Spartanburg, SC",Temperate,False
83764,-0.014126528196915648,-0.018537536250101305,-0.04869728202130757,-0.012408307830997693,"Spokane, WA",Temperate,False
83899,0.004307831058339707,-0.004723426779688721,-0.025103712585108115,-0.023006993276508417,"Springfield, IL",Snow,False
83926,-0.014501641183666153,-0.01911115919064659,-0.07735663491342315,-0.015771798395860067,"Springfield, MA--CT",Snow,False
83953,-0.0028120912814762022,-0.01774307532203348,-0.04512435697300381,-0.04852782904539211,"Springfield, MO",Temperate,False
83980,0.009177076465514841,-0.016167253344877817,-0.06633972198748836,-0.046935823142345436,"Springfield, OH",Snow,False
84024,0.0023710310354749004,-0.01084470160089284,-0.10379745729716085,-0.03399741973921085,"Spring Hill, FL",Temperate,True
84493,-0.007872675197169502,-0.012346194274123728,-0.04862553197450841,-0.01003060681975082,"State College, PA",Snow,False
84630,-0.050255509660121475,-0.08622021717912662,-0.08854106452805521,-0.032106467973529396,"Staunton--Waynesboro, VA",Temperate,False
85087,-0.009881424808405563,-0.017250300913101896,-0.030191037273993932,-0.010824756978125443,"Stockton, CA",Temperate,True
85708,-0.024967531137181795,0.00011717999577927178,-0.051104433127525516,-0.003060782183536589,"Sumter, SC",Temperate,False
86302,-0.013598770183572743,-0.017561755264011922,-0.06269369265407942,-0.01716041307404651,"Syracuse, NY",Snow,False
86464,-0.014041401718323472,-0.004782944339849519,-0.052462624553434645,-0.005551164616621813,"Tallahassee, FL",Temperate,False
86599,-0.004979280854080936,-0.0010133009223322897,-0.059946624627592204,0.0008837609050990344,"Tampa--St. Petersburg, FL",Temperate,True
87058,-0.007692963584212052,-0.0032217975775999013,-0.12676351152525486,-0.02380381403555161,"Temple, TX",Temperate,False
87139,0.02751142035238034,-0.026119984353201873,-0.06576415127539341,-0.08946627142930971,"Terre Haute, IN",Temperate,False
87193,0.0024115025559257558,-0.005174945476090782,-0.0763000597031392,-0.030135746464123318,"Texarkana--Texarkana, TX--AR",Temperate,False
87220,0.0025132870261323583,-0.004372156822408334,-0.05539588029708279,0.002440564158546602,"Texas City, TX",Temperate,True
87490,-0.018302494327448356,-0.006195224535107931,-0.025012073426824013,-0.003409102098233548,"Thousand Oaks, CA",Temperate,True
87787,-0.015018103880376226,-0.0004556746879045976,0.053210175566102254,-0.014033281304619175,"Titusville, FL",Temperate,True
87868,0.0041433070856248455,-0.010562769556061296,-0.035716090177646084,-0.020559847096618532,"Toledo, OH--MI",Snow,False
88084,0.007528921328755682,-0.007004766118729156,-0.06520086841309859,-0.03728144853680356,"Topeka, KS",Temperate,False
88273,-0.012986309856025169,-0.017558954120837234,-0.03008437024790853,0.0006297664389034144,"Tracy, CA",Temperate,False
88462,-0.011979558714016545,-0.004619029928685899,-0.018045571759292785,-0.007340876859934019,"Trenton, NJ",Temperate,False
88732,-0.01442137360414209,-0.013075170125154745,-0.025996431742334708,-0.011097000596995234,"Tucson, AZ",Arid,False
88948,-0.013015682092165713,0.0033217430267557546,-0.02619353634100477,-0.003269249863828977,"Tulsa, OK",Temperate,False
89083,-0.0030673744043131735,0.020016444115892845,0.07268674012917714,0.016744020337643672,"Turlock, CA",Arid,False
89110,0.011662421967493888,-0.0032708241509848968,-0.008333745037461425,-0.009062469250202201,"Tuscaloosa, AL",Temperate,False
89263,0.003540044703324166,0.001218473679535807,-0.0030796570954151757,0.003626001731433032,"Twin Rivers--Hightstown, NJ",Temperate,False
89326,0.012249841005324589,-0.0032639940490977433,-0.01678466008806992,-0.021055512554084242,"Tyler, TX",Temperate,False
89650,0.0018890302354994683,-0.018961875679512092,-0.09626784533227027,-0.03527693003039071,"Uniontown--Connellsville, PA",Temperate,False
89785,-0.02264096708348749,-0.02834830898534895,-0.12390625110535791,-0.015564672555773077,"Utica, NY",Snow,False
89866,0.009172927664912407,0.001909091175507104,-0.017955017318987847,0.00012847763230287306,"Vacaville, CA",Temperate,False
89974,-0.009104139987779095,-0.00631182957135675,-0.025523891210686312,-0.0032331078799926498,"Valdosta, GA",Temperate,False
90028,-0.0040225449498578845,-0.006198893589131217,0.002937570445779719,-0.0039131438519551835,"Vallejo, CA",Temperate,True
90514,-0.0015053820611926397,-0.010232120234846648,-0.08194530441436926,-0.032515111119049284,"Victoria, TX",Temperate,False
90541,0.00919332310512944,-0.008423843222927618,-0.0154704265447044,0.0013265356941565142,"Victorville--Hesperia, CA",Arid,False
90658,0.03518598195057744,0.0026392427865851212,0.020276227113710053,-0.016656125114011443,"Villas, NJ",Temperate,True
90730,-0.003691276687316616,-0.021741438462866733,-0.057574333626606244,-0.03186800535818244,"Vineland, NJ",Temperate,True
90892,0.0025959362315438207,-0.002166152950606648,-0.031590628419490646,-0.0026380085279922956,"Virginia Beach, VA",Temperate,True
90946,0.0028132766959132176,-0.00135467314804415,-0.009465953657299726,-0.006723014063144745,"Visalia, CA",Arid,False
91027,0.004002713348034269,-0.003178135602928491,-0.06051827996937875,-0.028254002491808577,"Waco, TX",Temperate,False
91261,0.011256236412216566,-0.0024504856951110166,0.011999781135882709,-0.02706119950776193,"Waldorf, MD",Temperate,True
91405,-0.017947150008425016,-0.008069574686697865,0.018673359611905457,-0.00392767027941062,"Walla Walla, WA--OR",Temperate,False
91783,-0.005989504538461462,-0.011932746708191248,-0.0464439088995866,-0.029772710761890926,"Warner Robins, GA",Temperate,False
92242,-0.00025658374059785117,-0.003081864594141814,-0.010486482809024512,-0.002163848787962426,"Washington, DC--VA--MD",Temperate,True
92485,-0.023687642803438328,-0.020171484279996363,-0.11153602857327949,-0.026828425602489346,"Waterbury, CT",Snow,False
92593,-0.0030873664479911397,0.0023140756102665253,-0.07715308523357325,-0.06293548465904587,"Waterloo, IA",Snow,False
92674,-0.0123930910531925,-0.020725381295689228,-0.04881717406879796,-0.015718605914928872,"Watertown, NY",Snow,False
92890,-0.06568540072482557,0.0005004569368669259,0.016009982129368425,-0.018627023325914635,"Watsonville, CA",Temperate,True
93025,-0.0035466845633874396,-0.06023308337623,0.014956125051639683,-0.05125537475466316,"Wausau, WI",Snow,False
93592,-0.030478269746025674,-0.04136217960671726,-0.11558042096383182,-0.06584105893407498,"Weirton--Steubenville, WV--OH--PA",Temperate,False
93862,-0.024410994654392382,-0.025197558534916748,-0.026214858798876448,-0.03069675714994346,"Wenatchee, WA",Temperate,False
93916,0.04237364635045925,-0.022461356339250917,-0.22753436284549813,-0.10747775973255329,"West Bend, WI",Snow,False
94294,-0.0006096397529968609,-0.003616591032422551,-0.007933154594680893,-0.007283918982641432,"Westminster--Eldersburg, MD",Temperate,False
94726,-0.005142919828083808,-0.02494454421850439,0.001973376683189935,-0.019671580300724304,"Wheeling, WV--OH",Temperate,False
95077,-0.03340811472422311,0.00028012551967486184,-0.027540531330966695,-0.017782507742756564,"Wichita, KS",Temperate,False
95104,-0.008308739394760676,-0.001076118915710472,-0.05736201508981846,-0.02852173658968878,"Wichita Falls, TX",Temperate,False
95411,0.015373939048820692,0.0046947109868116805,-0.016745176754984017,0.012065250308711617,"Williamsburg, VA",Temperate,True
95455,-0.018138630662435828,-0.03980677002184853,-0.1406761464779504,-0.030846509284546783,"Williamsport, PA",Snow,False
95833,-0.0019586748276516123,0.0014328234867927144,-0.03232438682281276,0.008690172599950863,"Wilmington, NC",Temperate,True
96103,-0.0039370351397542995,-0.008164120422776705,-0.04519088597872695,-0.020717371629701,"Winchester, VA",Temperate,False
96670,0.007279584933353739,-0.0055417118129824795,-0.009480734957027965,-0.00932469175937476,"Winston-Salem, NC",Temperate,False
96697,-0.013600405445125231,-0.0017486089840583106,-0.06326458688959202,-0.007754699128092359,"Winter Haven, FL",Temperate,False
96994,-0.021953774165644455,-0.017239321148066894,-0.05908001113859706,-0.009241331048370036,"Woodland, CA",Temperate,False
97291,-0.007280790189337157,-0.012442673502467616,-0.0693045624314154,-0.023692723847581105,"Worcester, MA--CT",Snow,False
97507,-0.01836292751357703,-0.03499020557732461,-0.11376777395435128,-0.04026636952919866,"Yakima, WA",Temperate,False
97561,0.00024407904496751923,-0.010122594026641717,0.168255716401527,-0.020466212511183607,"Yauco, PR",Tropical,True
97750,-0.04413020973090126,-0.016773381264611593,-0.13403630408413877,-0.036781783809405215,"York, PA",Temperate,False
97831,-0.009159824083094358,-0.021478836695814907,-0.031236562937209104,-0.018486750954135454,"Youngstown, OH--PA",Snow,False
97939,-0.012899307309065687,-0.012088465585682127,-0.09797375489417688,-0.017423820965951648,"Yuba City, CA",Temperate,False
98020,-0.0005411736569229051,0.002812104978971983,0.022003620687950975,-0.009692085239044426,"Yuma, AZ--CA",Arid,False
98182,-0.007706896400784149,-0.0070156958349972655,-0.014557281233381915,-0.025378814613026265,"Zephyrhills, FL",Temperate,False
