Urban_geoid,Urban_name,Clim_zone,Coastal?,CUHI Day (25th %tile),CUHI Day (75th %tile),CUHI Day (Difference),CUHI Night (25th %tile),CUHI Night (75th %tile),CUHI Night (Difference),SUHI Day (25th %tile),SUHI Day (75th %tile),SUHI Day (Difference),SUHI Night (25th %tile),SUHI Night (75th %tile),SUHI Night (Difference)
280,"Abilene, TX",Temperate,False,-0.82395095,-0.9305075,-0.106556535,0.2679419,0.1106292,-0.15731269,1.1896714,0.9043613,-0.2853101,0.64319175,0.5727845,-0.07040727
955,"Albany, OR",Temperate,False,0.5572654,0.045721002,-0.5115444,0.65444076,0.47802213,-0.17641863,3.0832186,-1.9450768,-5.0282955,1.1617742,0.9935239,-0.16825026
1171,"Albuquerque, NM",Arid,False,0.25098857,-0.10406418,-0.35505277,0.7357,0.60262996,-0.13307005,0.5105691,-0.17091103,-0.6814801,0.97241586,0.91526234,-0.057153523
1279,"Alexandria, LA",Temperate,False,-0.059903704,0.0469043,0.10680801,0.32487404,0.18065098,-0.14422306,0.43409777,-1.6448094,-2.078907,0.5592895,0.683269,0.12397951
1765,"Alton, IL--MO",Temperate,False,-1.7106607,-0.1763426,1.5343181,0.24404357,0.40694758,0.16290401,1.2302518,-2.164355,-3.3946068,0.9111453,0.5858561,-0.32528925
1927,"Amarillo, TX",Arid,False,0.049497563,0.19434749,0.14484993,0.63587683,0.6695756,0.033698738,0.0890092,0.23805535,0.14904615,0.7007687,0.95316386,0.25239515
2062,"Ames, IA",Snow,False,0.22619233,0.06117463,-0.1650177,0.42660928,0.26035035,-0.16625893,1.3326876,-0.47244158,-1.8051292,0.76200646,0.97594815,0.2139417
2305,"Anchorage, AK",Snow,True,0.48718166,-0.15270673,-0.6398884,0.62469006,0.20835206,-0.416338,3.8957891,0.64056295,-3.2552261,0.8741961,0.4417524,-0.4324437
2386,"Anderson, IN",Snow,False,-1.5744638,-0.28743783,1.287026,0.33759674,0.30372488,-0.03387186,1.7334467,-2.3752267,-4.1086736,0.8893682,1.2956841,0.40631592
2683,"Antioch, CA",Temperate,True,0.05539722,0.17455623,0.119159006,0.7171358,0.606355,-0.110780776,0.7379483,1.5090753,0.771127,0.3819542,0.58073056,0.19877636
2764,"Appleton, WI",Snow,False,0.008078484,-0.37313557,-0.38121405,0.4255051,0.29579538,-0.12970972,0.8313711,-0.654671,-1.4860421,1.2911513,0.92294693,-0.36820436
3196,"Arroyo Grande--Grover Beach, CA",Temperate,True,-0.1284876,-0.24331205,-0.114824444,0.71735626,-0.5435637,-1.26092,1.8599395,0.6758589,-1.1840806,0.5401976,0.9002305,0.36003292
4384,"Austin, TX",Temperate,False,-0.13355902,-0.10909492,0.0244641,0.39667773,0.2964696,-0.10020813,1.1149045,0.5370182,-0.57788634,0.999659,0.67541295,-0.32424605
4549,"Avondale--Goodyear, AZ",Arid,False,0.36188364,0.3353256,-0.026558042,0.84012604,0.70043623,-0.1396898,0.14326157,0.86726785,0.7240063,1.0663426,0.9444246,-0.12191796
4681,"Bakersfield, CA",Arid,False,0.0916365,-1.137927,-1.2295636,0.6764004,0.41014576,-0.26625466,1.3270539,1.0628694,-0.26418447,0.7817477,0.8745503,0.092802584
4951,"Bangor, ME",Snow,False,0.1883459,-0.13897851,-0.3273244,0.46112794,0.40305778,-0.058070153,0.26934457,-1.1417184,-1.411063,0.64907837,0.35735273,-0.29172564
5680,"Baton Rouge, LA",Temperate,False,0.007678716,-0.044930592,-0.05260931,0.3182183,0.2585624,-0.059655905,1.223814,0.7939687,-0.42984533,0.5772121,0.64304113,0.06582904
5707,"Battle Creek, MI",Snow,False,0.12909125,-0.177937,-0.30702823,0.4263968,0.26126298,-0.1651338,1.4396468,-1.4305512,-2.870198,1.3314193,0.8882871,-0.44313222
6058,"Beaumont, TX",Temperate,False,-1.3312507,-0.110063925,1.2211868,0.2649629,0.18391384,-0.08104907,2.3208394,-0.5478545,-2.8686938,0.6105053,0.51610494,-0.09440035
6652,"Bellingham, WA",Temperate,True,0.27465415,-0.79984486,-1.074499,-0.07565546,0.10654665,0.1822021,1.3673471,-2.8263516,-4.193699,1.1044308,0.52111787,-0.5833129
6760,"Beloit, WI--IL",Snow,False,-1.8495506,-0.19300261,1.656548,0.26827437,0.37736124,0.10908687,0.61411643,-1.6937493,-2.3078656,0.73319066,0.8128765,0.07968587
6868,"Bend, OR",Temperate,False,0.8069595,-0.8236331,-1.6305926,1.1458573,-0.36055428,-1.5064116,1.621047,-3.6573262,-5.2783732,1.2779857,0.663483,-0.61450267
7138,"Benton Harbor--St. Joseph--Fair Plain, MI",Snow,False,-1.6285168,-0.06737667,1.5611401,0.31678152,0.33747625,0.020694733,0.632039,-0.32085305,-0.95289207,1.031616,0.6525926,-0.37902337
7705,"Billings, MT",Arid,False,0.42208546,-1.390156,-1.8122416,0.7611726,-0.05231695,-0.81348956,0.20913592,-1.8201517,-2.0292876,1.5327525,0.7128055,-0.819947
7921,"Bismarck, ND",Snow,False,0.35306406,-0.7537753,-1.1068394,1.0561376,0.003811331,-1.0523262,2.015337,-1.8411499,-3.8564868,2.2098453,0.9105585,-1.2992868
8407,"Bloomington--Normal, IL",Snow,False,-1.6252018,-0.17143005,1.4537718,0.49956656,0.4539405,-0.045626044,2.4990203,-1.3617644,-3.8607848,1.2371027,1.2868067,0.049703956
8785,"Boise City, ID",Arid,False,0.25592333,-0.005517958,-0.2614413,0.8576125,0.25378338,-0.60382915,0.3905709,-0.09253142,-0.48310232,1.0817285,0.84541214,-0.23631632
9298,"Boulder, CO",Snow,False,0.3218906,-2.0672302,-2.3891208,0.9521433,-0.18839364,-1.1405369,1.1893151,-3.5348706,-4.724186,1.6604497,0.40750653,-1.2529433
9946,"Bremerton, WA",Temperate,True,0.2798871,-0.097187296,-0.37707442,-0.03065821,0.41798794,0.44864616,1.750722,-1.3652668,-3.1159887,0.6990585,0.44800773,-0.25105074
10972,"Brownsville, TX",Temperate,True,-0.4176134,-1.1089358,-0.69132245,0.4500398,0.44280618,-0.0072336197,1.5628846,2.1764302,0.61354566,0.48376137,0.5080198,0.024258435
11755,"Burlington, VT",Snow,False,0.31708235,-0.33186984,-0.6489522,0.52509713,0.47117016,-0.053926975,1.1095724,-2.3213391,-3.4309115,0.8120501,0.9869083,0.17485821
12754,"Camarillo, CA",Temperate,False,1.1151135,0.6634055,-0.45170802,0.9585606,0.4925794,-0.4659812,4.696252,2.404371,-2.2918808,0.26427665,1.264776,1.0004994
14158,"Carson City, NV",Temperate,False,0.114604004,-0.92316353,-1.0377675,0.69692147,-0.0032874644,-0.7002089,1.2734063,0.4378975,-0.83550876,1.4574356,0.2989016,-1.158534
14401,"Casa Grande, AZ",Arid,False,-1.0588907,-0.55168027,0.50721043,0.28974646,0.12899767,-0.1607488,-2.0881627,-1.3645239,0.7236388,0.03461833,-0.9819642,-1.0165825
14482,"Casper, WY",Snow,False,0.13989426,-2.1255758,-2.26547,0.7360052,0.71719974,-0.018805444,0.5536233,-0.6729644,-1.2265878,0.9607461,0.9321221,-0.028623998
14752,"Cedar Rapids, IA",Snow,False,-1.9233744,-0.0745879,1.8487865,0.48856044,0.39009514,-0.09846529,2.1991897,-1.30288,-3.5020697,1.2161658,1.2737327,0.05756688
15211,"Champaign, IL",Snow,False,0.19044699,-0.099213764,-0.28966075,0.4789986,0.35812882,-0.120869786,1.2496555,1.6067283,0.35707283,1.348143,0.8143876,-0.53375536
16237,"Cheyenne, WY",Arid,False,-0.10692471,-0.5265408,-0.4196161,0.6106032,0.3450454,-0.26555783,-0.64083403,-0.70953375,-0.06869972,0.6960131,0.19164068,-0.5043724
16264,"Chicago, IL--IN",Snow,False,0.31138456,-0.010417658,-0.32180223,0.555669,0.41096798,-0.14470103,2.1634297,0.83567804,-1.3277516,1.7553017,1.0785329,-0.6767688
16318,"Chico, CA",Temperate,False,0.2628943,-0.6516301,-0.91452444,0.5003045,0.30752787,-0.19277665,1.8044738,-1.7165365,-3.5210104,0.9229545,0.6572309,-0.2657236
18451,"Coeur d'Alene, ID",Snow,False,0.21313228,-1.3341186,-1.5472509,1.0305748,0.24549635,-0.78507847,0.21372828,-3.2132397,-3.4269679,1.7170408,0.49306595,-1.2239748
18748,"College Station--Bryan, TX",Temperate,False,-2.1984959,-0.16332993,2.035166,0.37091327,0.3418988,-0.029014468,2.3725085,0.5210877,-1.8514209,1.0341861,0.6527494,-0.3814367
18856,"Colorado Springs, CO",Temperate,False,0.5619518,-0.17884758,-0.7407994,0.8279844,0.3173562,-0.5106282,1.062412,0.15400293,-0.9084091,1.2383534,0.8274971,-0.41085625
18937,"Columbia, MO",Snow,False,-0.05655181,-0.034636453,0.021915358,0.4529888,0.37532428,-0.077664524,1.6433344,0.9994105,-0.6439239,1.1175327,0.9013782,-0.21615452
19504,"Concord, CA",Temperate,True,0.41254777,-0.5327146,-0.9452624,0.59374154,0.0293199,-0.56442165,1.9491267,-0.069678284,-2.018805,0.22399627,0.50655323,0.28255695
19755,"Conroe--The Woodlands, TX",Temperate,False,0.08380409,0.13025321,0.046449117,0.25637087,0.3062303,0.049859434,0.31027287,0.51932836,0.20905548,0.66494435,0.6911908,0.026246428
19801,"Conway, AR",Temperate,False,-2.0261514,-0.16019163,1.8659598,0.41632232,0.25358567,-0.16273665,1.7205006,-2.028124,-3.7486248,0.9030228,0.6346,-0.26842284
20287,"Corpus Christi, TX",Temperate,True,-0.291727,-0.31969026,-0.02796325,0.42872494,0.36516672,-0.06355822,1.5252368,0.806545,-0.7186918,0.5343956,0.69438434,0.15998876
20422,"Corvallis, OR",Temperate,False,0.7720592,0.0753031,-0.6967561,0.59906507,0.3159618,-0.28310326,2.70864,-1.564648,-4.2732882,1.4004724,0.46336594,-0.9371065
22042,"Dallas--Fort Worth--Arlington, TX",Temperate,False,-0.26467165,-0.15980738,0.10486427,0.4127217,0.44275215,0.03003046,1.3010316,1.1131532,-0.18787837,1.0271225,0.99383795,-0.033284545
22204,"Danville, IL",Snow,False,-0.6017832,-0.16874896,0.43303424,0.3070161,0.46454674,0.15753064,0.6730898,-2.3630536,-3.0361433,0.8589381,1.0445635,0.18562543
22366,"Davenport, IA--IL",Snow,False,-1.6582878,-1.0938493,0.56443846,0.43064487,0.39247674,-0.038168132,0.40431523,-0.34374943,-0.74806464,0.9722127,0.8352859,-0.13692677
22420,"Davis, CA",Temperate,False,-0.1514814,-0.09182547,0.059655935,0.48395076,0.62977356,0.1458228,0.46042123,-0.9504296,-1.4108509,0.6227741,0.88584816,0.26307404
22717,"Decatur, IL",Snow,False,-1.7398369,-0.10797461,1.6318623,0.36788118,0.36228436,-0.0055968165,1.8042328,-2.4754872,-4.2797203,0.8494912,1.1851394,0.33564824
22960,"DeKalb, IL",Snow,False,-1.116362,-0.18331918,0.93304276,0.19325852,0.19091517,-0.0023433566,-0.13410509,-0.9956097,-0.8615046,1.141062,1.2548769,0.11381483
22987,"Delano, CA",Arid,False,-1.263417,0.34465516,1.6080722,0.25566018,1.5899377,1.3342775,-0.2713703,0.8668897,1.13826,0.9863453,1.2667656,0.2804203
23500,"Denton--Lewisville, TX",Temperate,False,-0.13669838,-0.08045469,0.056243688,0.45422184,0.38464564,-0.069576204,1.3608693,0.5078066,-0.8530627,1.1178005,0.63071036,-0.4870901
23527,"Denver--Aurora, CO",Arid,False,0.5312272,0.19824249,-0.3329847,0.7175722,0.49429086,-0.22328135,1.2850444,0.15000348,-1.135041,1.2859513,0.79532766,-0.4906236
23743,"Des Moines, IA",Snow,False,0.016992057,-0.0596166,-0.07660866,0.39804578,0.26464015,-0.13340563,1.3258584,0.34697878,-0.9788796,0.92822474,0.781405,-0.14681977
24607,"Dover--Rochester, NH--ME",Snow,False,-0.04367404,-0.02157077,0.02210327,0.33273533,0.37071112,0.037975788,0.26316023,-0.89724374,-1.160404,0.7005098,0.36886308,-0.3316467
24823,"Dubuque, IA--IL",Snow,False,0.15585184,-0.33922094,-0.49507278,0.5209929,0.24974719,-0.2712457,1.8670222,-1.6185396,-3.4855618,1.3602393,0.5098523,-0.850387
24850,"Duluth, MN--WI",Snow,False,0.232714,-0.8421536,-1.0748676,0.66018033,0.2107206,-0.44945973,0.25346068,-2.3904352,-2.6438959,0.8951401,0.499506,-0.3956341
26038,"Eau Claire, WI",Snow,False,0.021242702,-0.18925767,-0.21050037,0.40365395,0.3690211,-0.03463286,0.31882355,-2.6649303,-2.983754,1.0164188,0.8072701,-0.2091487
26416,"El Centro--Calexico, CA",Arid,False,0.76149124,-1.133706,-1.8951972,0.8544762,0.2929041,-0.5615721,0.5994779,0.055141315,-0.54433656,1.8324333,0.8043306,-1.0281028
26794,"Elkhart, IN--MI",Snow,False,-0.81553185,-0.17670913,0.63882273,0.4802037,0.17255208,-0.3076516,1.5644529,-1.654501,-3.2189538,1.0382888,0.818233,-0.22005582
27253,"El Paso, TX--NM",Arid,False,0.26484004,0.10770667,-0.15713337,0.5686634,0.50270456,-0.06595886,-0.14661524,-0.23465037,-0.08803514,0.92297864,0.8844303,-0.03854835
27261,"El Paso de Robles (Paso Robles)--Atascadero, CA",Temperate,False,0.056573268,-1.5450625,-1.6016358,0.5146805,0.3991814,-0.11549911,0.32084382,-1.3651161,-1.6859599,0.71875215,0.6031542,-0.11559796
28117,"Eugene, OR",Temperate,False,0.6873178,-0.050182723,-0.7375005,0.5510009,0.35359788,-0.19740301,2.2230945,-1.0664414,-3.289536,1.1805594,0.6987602,-0.4817992
28549,"Fairbanks, AK",Snow,False,0.34993917,-0.52088326,-0.8708224,0.3318516,0.41487265,0.083021045,1.6622926,-0.91596365,-2.5782561,1.0235637,0.68562454,-0.3379392
28657,"Fairfield, CA",Temperate,True,0.4103076,0.059952118,-0.35035548,0.69243234,0.13029757,-0.56213474,1.7033482,1.3313361,-0.37201202,0.38038155,0.31482136,-0.06556019
29089,"Fargo, ND--MN",Snow,False,0.38418967,-0.29829416,-0.6824838,0.4232274,0.2361155,-0.1871119,1.7857733,-1.8645917,-3.6503649,1.2452263,0.9257942,-0.31943208
29278,"Farmington, NM",Arid,False,0.300369,-0.35666814,-0.65703714,0.337227,0.11378676,-0.22344023,-1.353088,-0.32326248,1.0298256,0.5564219,0.38970625,-0.16671562
29494,"Fayetteville--Springdale--Rogers, AR--MO",Temperate,False,-1.9791158,-1.0145237,0.9645921,0.1583829,-0.00942528,-0.16780818,0.4532717,-0.63165337,-1.084925,0.7525169,0.39490712,-0.3576098
29818,"Flagstaff, AZ",Temperate,False,0.29221585,-0.8226386,-1.1148545,0.62930363,-0.08959646,-0.7189001,1.0313442,-2.248329,-3.279673,0.5975538,0.37168822,-0.22586557
30223,"Fond du Lac, WI",Snow,False,0.31530678,-0.24181947,-0.5571263,0.45108554,0.14034069,-0.31074485,1.8668205,-2.247717,-4.1145372,1.4289716,1.0151521,-0.41381955
30628,"Fort Collins, CO",Snow,False,0.0091533065,-1.5177318,-1.526885,0.6760553,0.06028895,-0.61576635,0.7028194,-0.7956384,-1.4984578,1.2659348,0.8763799,-0.38955492
30925,"Fort Smith, AR--OK",Temperate,False,-1.4747337,-0.19651882,1.2782149,0.36420512,0.31234956,-0.051855564,0.37401724,-0.58512783,-0.95914507,0.8380374,0.61334926,-0.22468811
31087,"Fort Wayne, IN",Snow,False,-0.08652246,-0.31015718,-0.22363472,0.50763774,0.27662852,-0.23100922,1.649864,0.07246502,-1.5773989,1.0718665,0.77372825,-0.29813826
31843,"Fresno, CA",Arid,False,0.30343786,-0.30870226,-0.6121401,0.6306881,0.59413743,-0.03655064,1.3587416,0.24619088,-1.1125507,1.5600277,1.3897164,-0.17031133
33328,"Gilroy--Morgan Hill, CA",Temperate,False,0.72976696,-0.36299124,-1.0927582,0.49689257,0.19530413,-0.30158845,2.2833633,-3.1931133,-5.4764767,1.036269,0.73275006,-0.3035189
34219,"Grand Forks, ND--MN",Snow,False,0.18443985,-0.14982231,-0.33426216,0.5137282,0.30358896,-0.21013924,1.4739472,-0.701846,-2.1757932,0.93625134,1.1001498,0.16389841
34246,"Grand Island, NE",Snow,False,0.006795477,-0.15005049,-0.15684597,0.30957985,0.06220568,-0.24737418,1.274415,-1.2139113,-2.4883263,1.4535841,0.71274316,-0.7408409
34273,"Grand Junction, CO",Snow,False,0.120122,-2.0211484,-2.1412704,0.89568424,-0.119023316,-1.0147076,0.7944566,-1.2938278,-2.0882845,1.4614353,0.6494182,-0.81201714
34300,"Grand Rapids, MI",Snow,False,-0.05359914,-0.119295776,-0.065696634,0.39747068,0.3217217,-0.07574898,1.0767272,0.11872174,-0.9580054,1.0844122,0.7030021,-0.38141012
34516,"Grants Pass, OR",Temperate,False,-0.25344828,-1.3856738,-1.1322255,0.44740295,0.040438846,-0.40696412,-1.2536602,-4.100132,-2.8464718,1.4737284,0.44754958,-1.0261788
34759,"Great Falls, MT",Arid,False,0.23408188,0.03342665,-0.20065522,0.7745982,0.5159089,-0.25868928,0.810414,-0.7652143,-1.5756283,1.2823212,1.0129254,-0.26939583
34786,"Greeley, CO",Arid,False,0.29414526,0.10116099,-0.19298427,0.7489616,0.52467585,-0.22428578,-0.12611443,-0.0069011003,0.11921333,0.9361448,0.6481418,-0.28800303
34813,"Green Bay, WI",Snow,False,0.023569802,-0.15681581,-0.18038562,0.34361893,0.39773786,0.05411893,1.4949551,-0.8031334,-2.2980886,1.054086,1.0054234,-0.048662543
36514,"Hammond, LA",Temperate,True,0.22448146,0.06654752,-0.15793395,0.16872321,0.13926971,-0.029453501,-1.7205461,-1.0390975,0.6814486,0.8087791,0.5957191,-0.21306002
36703,"Hanford, CA",Arid,False,-2.1358147,-1.0221063,1.1137084,0.5429811,0.43303335,-0.10994774,1.8327289,0.8066677,-1.0260612,0.6794418,1.2476891,0.5682473
36892,"Harlingen, TX",Temperate,False,-0.1830176,-0.19382243,-0.010804832,0.30331346,0.28454527,-0.018768191,1.1871053,0.36347756,-0.8236277,0.7586925,0.55455506,-0.20413744
38215,"Hemet, CA",Temperate,False,0.85549265,-0.790009,-1.6455016,1.0233405,0.24190898,-0.7814315,1.6427014,-0.9025505,-2.5452518,1.2763574,0.83433735,-0.44202006
39430,"Holland, MI",Snow,False,-0.039910994,-0.34294713,-0.30303612,0.45434117,0.39888656,-0.05545461,0.34523538,-2.7320004,-3.0772357,0.8291953,0.888644,0.05944866
40213,"Hot Springs, AR",Temperate,False,-0.32708654,-0.24715884,0.0799277,0.37476206,0.2634859,-0.11127615,-0.06348134,-0.51670235,-0.45322102,0.4383332,0.25626147,-0.18207175
40375,"Houma, LA",Temperate,True,-0.21180072,-0.15672806,0.055072665,0.4334683,0.37392133,-0.059546977,-0.65618885,-1.6389656,-0.98277676,0.7402007,0.7716674,0.031466722
40429,"Houston, TX",Temperate,True,-0.52171415,-0.039779365,0.4819348,0.45665008,0.3624887,-0.09416139,1.982199,1.736518,-0.24568093,0.63044536,0.7370591,0.106613755
40996,"Idaho Falls, ID",Snow,False,-0.6539482,-1.2942883,-0.6403401,0.7973766,-0.20961097,-1.0069876,1.4447145,-1.342704,-2.7874186,1.4195157,1.6030456,0.18352985
41212,"Indianapolis, IN",Snow,False,-1.7301095,-0.08051841,1.6495911,0.43481255,0.37255174,-0.062260807,1.5404719,-0.017281692,-1.5577536,0.98811615,0.8247968,-0.16331935
41347,"Indio--Cathedral City, CA",Arid,False,-0.8703912,-1.7397234,-0.86933225,0.5745424,0.37003016,-0.20451224,0.1057374,-0.22786929,-0.3336067,0.709003,0.7818279,0.072824955
41590,"Iowa City, IA",Snow,False,-0.06707634,-0.3723539,-0.3052776,0.42306092,0.3910718,-0.031989127,0.8000332,0.5822125,-0.2178207,0.9696999,1.4778402,0.50814027
42211,"Jackson, MS",Temperate,False,0.11877029,-0.02153725,-0.14030753,0.35378024,0.2641699,-0.08961034,0.2686842,-0.46152112,-0.7302053,0.83123064,0.7697048,-0.06152582
42562,"Janesville, WI",Snow,False,-0.73066247,-0.3504087,0.38025376,0.5248828,0.15389802,-0.3709848,1.9399323,-2.9282496,-4.868182,1.5418646,0.85111123,-0.6907534
42967,"Jefferson City, MO",Temperate,False,-0.42080718,-0.029040469,0.39176673,0.4436342,0.43914902,-0.00448519,1.1127086,-1.4161322,-2.5288408,0.596296,0.43765238,-0.15864363
43345,"Jonesboro, AR",Temperate,False,-0.57342994,-0.088838845,0.4845911,0.40531367,0.41620696,0.010893285,1.2245939,-1.4458617,-2.6704555,1.3568844,0.3978362,-0.95904815
43399,"Joplin, MO",Temperate,False,-0.8041411,-0.1297383,0.67440283,0.45996404,0.3531959,-0.10676813,1.8823352,-0.5544618,-2.436797,1.0314056,0.5506474,-0.4807582
43723,"Kalamazoo, MI",Snow,False,0.18401253,-0.28734177,-0.4713543,0.38124585,0.22999299,-0.15125287,0.61534786,-1.4424865,-2.0578344,0.8031254,0.8402673,0.03714192
43885,"Kankakee, IL",Snow,False,-0.7780841,-0.16855043,0.60953367,0.40134025,0.45526177,0.05392152,0.83897805,-2.5036244,-3.3426025,1.0757757,0.99010444,-0.085671306
43912,"Kansas City, MO--KS",Temperate,False,-1.0222883,-0.06246822,0.9598201,0.37664244,0.29168475,-0.08495769,1.7346445,0.70515436,-1.0294902,0.9043054,0.76740104,-0.13690436
44479,"Kennewick--Pasco, WA",Arid,False,-0.504706,-0.094541796,0.41016424,0.6839408,0.47737026,-0.20657057,0.26905167,-0.239626,-0.50867766,1.2492433,0.919034,-0.33020926
44506,"Kenosha, WI--IL",Snow,False,0.28959167,-1.90187,-2.1914616,0.5477036,0.43917286,-0.10853076,2.0337045,0.5929653,-1.4407392,1.3062814,0.93827975,-0.3680017
44992,"Killeen, TX",Temperate,False,0.07303989,-0.28856876,-0.36160865,0.47924483,0.41825652,-0.060988307,1.3990226,1.856002,0.4569794,0.7436525,0.6113611,-0.13229144
45694,"Kokomo, IN",Snow,False,-1.6376908,-0.31145662,1.3262341,0.5085498,0.1435117,-0.3650381,2.131706,-2.3453753,-4.4770813,1.1689676,1.2990584,0.13009083
45910,"La Crosse, WI--MN",Snow,False,0.17194666,-0.3497202,-0.5216669,0.50258946,0.38683772,-0.11575174,0.53016955,-1.6697636,-2.199933,1.1476425,0.6136629,-0.5339796
46018,"Lafayette, IN",Snow,False,0.03381209,-0.04292372,-0.07673581,0.38495982,0.39176306,0.0068032444,1.7198843,-1.1470861,-2.8669705,1.187653,1.0081524,-0.17950058
46045,"Lafayette, LA",Temperate,False,-1.4249362,-0.22317943,1.2017567,0.3465762,0.23455197,-0.11202425,2.3770165,1.2213775,-1.155639,0.6661323,0.55429924,-0.111833036
46126,"Lafayette--Louisville--Erie, CO",Snow,False,-1.0346317,-1.4716524,-0.43702066,0.3501113,0.48606974,0.13595843,-1.368496,-0.76489055,0.6036054,0.6798334,0.75347537,0.073641956
46531,"Lake Charles, LA",Temperate,False,-0.39715424,-0.14576069,0.25139356,0.3031816,0.25930044,-0.043881148,0.98698056,0.21873067,-0.76824987,0.6260792,0.6863586,0.06027937
46747,"Lake Havasu City, AZ",Arid,False,0.25880575,0.20692317,-0.05188258,0.35469282,0.4368835,0.08219069,1.0435951,0.23900028,-0.8045948,0.6787933,0.6454761,-0.03331721
46801,"Lake Jackson--Angleton, TX",Temperate,True,-0.96536744,-0.17721699,0.7881504,0.45142302,0.22991867,-0.22150435,0.919476,1.3176032,0.39812726,0.5793113,0.5273083,-0.052003026
47611,"Lancaster--Palmdale, CA",Arid,False,-0.1790593,-0.29397783,-0.11491853,0.23105404,-0.011239208,-0.24229324,-0.45491573,-1.656113,-1.2011973,0.8150375,0.5433979,-0.2716396
47854,"Laredo, TX",Arid,False,-2.2083385,-0.060077015,2.1482615,0.4814588,0.20467359,-0.27678522,1.6156921,-0.060778823,-1.676471,0.78443944,1.0487761,0.2643367
47935,"Las Cruces, NM",Arid,False,0.24921992,-0.0984016,-0.34762153,0.51363164,-0.15424676,-0.6678784,-0.05693248,-2.0784445,-2.021512,1.4169164,0.036000475,-1.3809159
47995,"Las Vegas--Henderson, NV",Arid,False,0.9854934,-0.106164664,-1.0916581,1.0939829,0.11843832,-0.97554463,0.87347126,-0.30414695,-1.1776183,1.2970505,0.70190585,-0.5951446
48232,"Lawrence, KS",Temperate,False,-1.3592803,-0.44765285,0.91162753,0.33277023,0.23874831,-0.09402192,1.4239239,-0.20051259,-1.6244364,0.51130676,0.967512,0.45620525
48394,"Lawton, OK",Temperate,False,-1.5550429,-0.44241259,1.1126302,0.6832074,0.46697488,-0.21623251,1.3291101,-0.6040628,-1.933173,1.1247288,0.3502207,-0.7745081
48826,"Lee's Summit, MO",Temperate,False,-2.181972,-0.14568754,2.0362844,0.25114504,0.45017558,0.19903055,2.9754648,-0.58370495,-3.5591698,0.7591783,0.31032103,-0.44885725
49312,"Lewiston, ID--WA",Temperate,False,0.3546845,-1.025899,-1.3805835,0.68190044,0.027814575,-0.6540859,1.7822704,0.21051896,-1.5717515,1.4884682,0.7316087,-0.7568595
49339,"Lewiston, ME",Snow,False,0.4460978,-0.060909607,-0.5070074,0.5958369,0.3250681,-0.2707688,2.7505908,-2.0141215,-4.7647123,1.397496,0.90541685,-0.49207914
49933,"Lincoln, NE",Snow,False,-0.08812238,-1.9210166,-1.8328942,0.5431024,0.06815217,-0.47495022,2.6772346,-0.5096759,-3.1869106,1.400337,1.0111804,-0.38915658
50392,"Little Rock, AR",Temperate,False,0.054561093,-0.017583514,-0.072144605,0.2659737,0.24669322,-0.019280463,0.08136265,-0.41082633,-0.492189,0.8547566,0.8154354,-0.039321184
50527,"Livermore, CA",Temperate,False,0.52687883,0.47552583,-0.051353008,0.53066695,0.6192454,0.08857846,3.4629936,3.1277914,-0.33520222,1.4144211,1.2081289,-0.20629215
50851,"Lodi, CA",Temperate,False,0.44676957,-0.18678243,-0.633552,0.68912745,0.3079961,-0.38113135,2.6924276,0.15995933,-2.5324683,0.42834204,0.73523796,0.3068959
50959,"Logan, UT",Snow,False,-1.8181026,-1.5074034,0.31069922,0.67490745,-0.09460878,-0.7695162,0.6172661,-0.3303943,-0.94766045,1.1915503,0.96845394,-0.22309631
51040,"Lompoc, CA",Temperate,True,0.39349157,-0.7352462,-1.1287377,0.61818683,0.0031283852,-0.6150584,-0.5866929,-1.05024,-0.4635471,-0.16649061,0.52829224,0.69478285
51175,"Longmont, CO",Snow,False,0.32280052,-0.6889637,-1.0117643,0.8278248,-0.00049405574,-0.82831883,0.7573109,-1.2752101,-2.032521,1.7079141,0.55185527,-1.1560588
51256,"Longview, TX",Temperate,False,-0.048984483,-0.018631388,0.030353095,0.30796,0.25821388,-0.049746126,1.4647819,-1.3056779,-2.7704597,0.9820104,0.29110265,-0.6909078
51283,"Longview, WA--OR",Temperate,True,0.77984214,-0.83089083,-1.610733,0.8082238,-0.49522597,-1.3034497,3.9280334,-2.118016,-6.046049,1.6734537,0.3278523,-1.3456013
51445,"Los Angeles--Long Beach--Anaheim, CA",Temperate,True,0.8399288,-0.08683023,-0.926759,0.71952975,0.45310214,-0.2664276,3.4936044,1.1971729,-2.2964315,0.7953547,0.5891658,-0.20618892
51499,"Los Lunas, NM",Arid,False,-1.2612275,-2.0719078,-0.81068027,-2.1258595,-1.7421237,0.38373578,-1.8502121,-3.7927942,-1.9425821,-0.3552666,0.053771887,0.40903848
51877,"Lubbock, TX",Arid,False,0.100932956,0.13708831,0.036155358,0.59195006,0.52395344,-0.06799662,0.2376185,0.020862386,-0.21675612,1.4680735,1.2424524,-0.2256211
52390,"McAllen, TX",Arid,False,-0.6516725,-2.2424293,-1.5907568,0.077688545,0.4104116,0.33272305,-0.19885516,-0.15195715,0.046898007,0.66750664,1.0260508,0.35854417
52687,"McKinney, TX",Temperate,False,-1.6916461,0.015190685,1.7068368,0.46237957,0.42071825,-0.041661322,1.2746434,2.3154988,1.0408554,1.165519,1.4642811,0.29876208
52984,"Madera, CA",Arid,False,-0.11718208,-1.0176002,-0.9004181,0.66116,-0.2076324,-0.8687924,0.588772,-0.35802108,-0.9467931,0.93211985,0.2564303,-0.6756896
53200,"Madison, WI",Snow,False,0.050622363,-0.036898106,-0.087520465,0.46976197,0.31126368,-0.15849829,1.1309536,-0.22218211,-1.3531357,1.3560102,0.7378794,-0.6181308
53794,"Mandeville--Covington, LA",Temperate,True,0.077854216,0.118372604,0.04051839,0.2435864,0.23727074,-0.0063156635,-0.92065275,0.24510531,1.165758,0.48414505,0.3249763,-0.15916875
53848,"Manhattan, KS",Temperate,False,-1.5373522,-1.1131101,0.42424214,0.5993724,-0.0025204676,-0.6018928,2.7412477,-1.9321707,-4.6734185,1.0361346,0.51211053,-0.52402407
53983,"Mankato, MN",Snow,False,-0.3267831,-0.22228174,0.10450135,0.41270635,0.1844268,-0.22827955,2.8342648,-0.9661859,-3.8004508,1.3719981,0.9247268,-0.4472713
54145,"Manteca, CA",Temperate,False,0.8579763,-0.09417457,-0.9521509,0.6143201,0.41666377,-0.19765633,0.38357693,-0.22767733,-0.6112543,-0.19264661,0.6544005,0.84704715
55333,"Marysville, WA",Temperate,True,0.35674924,-0.057912353,-0.4146616,0.78214264,-0.052385353,-0.83452797,2.8714848,-0.29046634,-3.161951,1.145659,0.86732846,-0.2783305
55981,"Medford, OR",Temperate,False,0.61611164,-1.0253557,-1.6414673,0.92418945,-0.102336146,-1.0265256,3.4058182,-0.65966296,-4.065481,1.3719399,0.4303892,-0.94155073
56116,"Memphis, TN--MS--AR",Temperate,False,-0.13478626,-0.09483743,0.039948836,0.4124958,0.36495754,-0.04753825,1.5402832,-0.54582,-2.0861032,0.87393016,0.7986269,-0.07530326
56251,"Merced, CA",Arid,False,-2.1119576,-1.5124841,0.5994735,0.5263189,0.53908634,0.012767434,0.6289617,0.038703226,-0.5902585,1.2531861,0.8169317,-0.43625438
56656,"Michigan City--La Porte, IN--MI",Snow,False,0.007076234,-0.25461197,-0.2616882,0.5301749,0.48931974,-0.04085517,0.109574154,-1.6716158,-1.78119,1.1178721,0.98452204,-0.13335007
57007,"Midland, TX",Arid,False,0.019719437,0.18732245,0.16760302,0.7078836,-0.18119875,-0.8890823,-0.1365479,0.6316952,0.7682431,1.1922097,0.96292645,-0.22928327
57466,"Milwaukee, WI",Snow,False,0.36407366,-0.09878251,-0.46285617,0.55540717,0.37884107,-0.1765661,2.45483,-0.4871868,-2.9420166,1.6136711,0.8451488,-0.76852226
57628,"Minneapolis--St. Paul, MN--WI",Snow,False,0.3487204,0.06411551,-0.2846049,0.45027965,0.40090796,-0.04937169,1.4737774,-0.29570332,-1.7694807,1.1825969,0.8582668,-0.32433015
57709,"Mission Viejo--Lake Forest--San Clemente, CA",Temperate,True,0.29362,-0.028048877,-0.32166886,0.3986234,-0.0072682537,-0.40589166,1.8718659,0.25602484,-1.615841,0.4933188,0.7198019,0.2264831
57736,"Missoula, MT",Snow,False,0.35204634,-1.8385875,-2.1906338,0.9487799,-0.13509041,-1.0838703,0.60996884,-1.2623578,-1.8723266,1.6335257,0.20621043,-1.4273152
58006,"Modesto, CA",Temperate,False,0.15046299,0.412982,0.262519,0.5243251,0.5040952,-0.020229876,0.7267593,1.028026,0.30126667,0.5871301,0.44907922,-0.13805091
58330,"Monroe, LA",Temperate,False,0.19154194,-0.13688347,-0.3284254,0.2781218,-0.011831351,-0.28995314,0.91303754,-2.311976,-3.2250135,0.6470641,0.66266155,0.015597463
60490,"Mount Vernon, WA",Temperate,True,0.24995856,-0.33992296,-0.58988154,0.6562784,-0.16788821,-0.8241666,2.1836908,-2.5969002,-4.780591,1.2798473,0.72218615,-0.5576611
60625,"Muncie, IN",Snow,False,-0.040781863,-0.2867134,-0.24593154,0.45954007,0.22770214,-0.23183793,1.4557097,-2.8307538,-4.2864637,1.3178976,1.012942,-0.3049556
60799,"Murrieta--Temecula--Menifee, CA",Temperate,False,-0.7653139,0.04760897,0.8129229,0.37620583,0.47587407,0.099668235,0.48822594,1.1567824,0.66855645,0.8196226,0.7973285,-0.022294104
60841,"Muskegon, MI",Snow,False,-1.8592392,-0.32265118,1.5365881,0.34170446,0.5104266,0.16872212,1.0907081,-2.2692952,-3.3600035,0.9591117,0.7442851,-0.21482658
60976,"Nampa, ID",Arid,False,0.20538837,-0.2409693,-0.44635767,0.1483175,-0.4973548,-0.6456723,0.97239953,-1.2378724,-2.2102718,0.6513269,0.12780899,-0.5235179
61057,"Napa, CA",Temperate,False,0.2928031,0.22027251,-0.0725306,0.5942621,0.52875215,-0.065509975,2.250562,-0.052317318,-2.3028793,0.66900194,0.76740307,0.09840113
62677,"New Orleans, LA",Temperate,True,-0.009000546,0.069684274,0.07868482,0.52098435,0.5871403,0.06615597,2.2664366,2.057116,-0.20932055,0.76005375,0.93269074,0.17263699
63433,"Norman, OK",Temperate,False,0.10895199,-1.6495354,-1.7584875,0.57990205,0.2556894,-0.32421264,2.6838188,1.4559681,-1.2278507,1.0964347,0.7027873,-0.39364743
64864,"Odessa, TX",Arid,False,-0.029953193,0.07886978,0.10882297,0.31804606,0.09960634,-0.21843973,-0.12651658,-1.8663757,-1.7398591,1.57357,0.74573374,-0.8278363
64945,"Ogden--Layton, UT",Temperate,False,-0.8908494,-2.09828,-1.2074306,0.8084856,0.37744796,-0.43103766,1.170579,-0.4452904,-1.6158693,0.9835125,0.7009345,-0.282578
65080,"Oklahoma City, OK",Temperate,False,-0.04869581,-0.7764663,-0.7277705,0.58725786,0.46075752,-0.12650034,2.543467,2.0631287,-0.48033834,1.0503299,0.769972,-0.2803579
65242,"Olympia--Lacey, WA",Temperate,True,0.42085037,-0.12257722,-0.5434276,0.14116676,0.3094166,0.16824983,2.006927,-1.3309177,-3.3378448,0.71187073,0.61992866,-0.09194207
65269,"Omaha, NE--IA",Snow,False,-1.4764132,-1.6070708,-0.13065755,0.46788242,0.24793936,-0.21994306,1.8241873,0.07328224,-1.750905,1.1714038,0.9779855,-0.19341826
66160,"Oshkosh, WI",Snow,False,-0.6152692,-0.1639772,0.45129198,0.50574136,0.2356833,-0.27005804,0.84299445,-2.3349056,-3.1779,1.2735586,1.1659913,-0.10756731
66673,"Oxnard, CA",Temperate,True,0.47785413,-0.26876083,-0.74661493,0.7772043,0.1060345,-0.67116976,3.4101584,0.28177133,-3.128387,0.84135354,0.43326837,-0.40808517
68509,"Peoria, IL",Snow,False,-0.042541567,-0.37034497,-0.3278034,0.39361474,0.39264593,-0.0009688139,0.40874505,-1.7550569,-2.163802,1.0694091,1.006301,-0.06310809
68887,"Petaluma, CA",Temperate,True,0.3533754,0.05806171,-0.2953137,0.77677464,0.5121878,-0.26458687,2.0479846,0.7550354,-1.2929492,0.387702,0.68318,0.295478
69184,"Phoenix--Mesa, AZ",Arid,False,0.6330736,0.2657367,-0.36733693,1.0032806,0.6740051,-0.32927555,0.9664703,-0.061704785,-1.0281751,1.2110965,0.92415476,-0.28694177
69454,"Pine Bluff, AR",Temperate,False,0.11474583,-0.008334998,-0.123080835,0.24385063,0.24290437,-0.00094626844,0.7003807,-1.097252,-1.7976327,0.7178615,0.7771474,0.05928594
70426,"Pocatello, ID",Snow,False,-0.08145201,-1.8201048,-1.7386528,0.889196,-0.5765648,-1.4657607,0.9861731,-2.547913,-3.5340862,1.5172093,0.18864194,-1.3285674
70993,"Port Arthur, TX",Temperate,True,-1.2412777,-0.07130702,1.1699706,0.39172786,0.31586355,-0.075864315,1.7912114,-1.5233072,-3.3145185,0.88923657,0.652692,-0.23654455
71074,"Porterville, CA",Arid,False,0.20054498,-0.2357299,-0.4362749,0.42333642,0.30206662,-0.12126979,0.768408,0.29236454,-0.47604346,1.5753942,1.0212365,-0.5541576
71263,"Portland, ME",Snow,True,0.5657418,-0.083940655,-0.6496824,0.51145387,0.27074528,-0.24070859,2.379693,-1.774745,-4.154438,1.0041031,0.51780725,-0.48629582
71317,"Portland, OR--WA",Temperate,False,0.6337137,0.07868907,-0.5550246,0.6480864,0.4113787,-0.23670772,2.8921828,0.973176,-1.9190068,1.0973415,0.78613627,-0.31120527
72112,"Prescott Valley--Prescott, AZ",Arid,False,-0.5527154,-1.3168525,-0.764137,0.14918621,-0.561412,-0.7105982,-1.4609451,-3.33874,-1.877795,0.8128718,0.49508208,-0.31778973
72559,"Provo--Orem, UT",Snow,False,0.30913362,-1.9126362,-2.2217698,0.9222276,0.36825863,-0.553969,1.1302135,-0.74602383,-1.8762374,1.7910385,0.8978382,-0.89320034
72613,"Pueblo, CO",Arid,False,0.21913888,-0.13641745,-0.3555563,0.66640764,0.43190217,-0.23450547,0.5602659,-1.1003208,-1.6605867,1.5321023,0.32295305,-1.2091494
73153,"Racine, WI",Snow,False,0.11215689,-0.10121183,-0.21336871,0.44965148,0.32974797,-0.119903505,0.91639125,-0.7094005,-1.6257918,0.85336936,0.68718433,-0.16618502
73396,"Rapid City, SD",Snow,False,0.19490896,-1.7353995,-1.9303085,0.24652335,-0.07812893,-0.32465228,1.7369752,-4.5926704,-6.3296456,1.1441547,0.8279861,-0.31616855
73774,"Redding, CA",Temperate,False,0.4388317,-0.15196791,-0.59079957,0.41965604,0.3777616,-0.041894436,2.1612422,0.10403326,-2.057209,1.0818391,0.9071328,-0.17470628
74179,"Reno, NV--CA",Temperate,False,0.87760186,-0.57848924,-1.4560912,1.075089,0.4348504,-0.6402386,1.6103851,-0.5777481,-2.1881332,1.4925606,0.7029536,-0.78960705
75340,"Riverside--San Bernardino, CA",Temperate,False,0.38165566,-0.13640295,-0.5180586,0.9828154,0.44227806,-0.54053736,1.8790811,1.1828601,-0.696221,1.349244,0.8275746,-0.5216694
75637,"Rochester, MN",Snow,False,-1.0332363,-0.54527986,0.4879564,0.43056646,0.15245183,-0.27811462,1.3166606,0.31343928,-1.0032214,1.3867598,0.8822255,-0.50453424
75718,"Rockford, IL",Snow,False,-1.8956522,-0.19510789,1.7005442,0.44761434,0.29582906,-0.15178528,1.3143629,0.26181298,-1.0525498,1.0900828,0.86974823,-0.22033453
76474,"Round Lake Beach--McHenry--Grayslake, IL--WI",Snow,False,-0.33624843,-0.020990178,0.31525826,0.41439694,0.37994745,-0.034449488,-1.6481117,-0.22125039,1.4268613,0.6614514,0.69990927,0.03845787
77068,"Sacramento, CA",Temperate,False,0.025251985,-0.017175358,-0.042427342,0.43296683,0.52374065,0.09077382,0.23187068,0.93399996,0.70212924,0.66068864,0.9218556,0.261167
77338,"St. Cloud, MN",Snow,False,-0.034705687,-0.36319318,-0.3284875,0.67759305,0.2241616,-0.45343146,0.80092037,-3.7767582,-4.5776787,0.7483195,1.3246956,0.5763761
77446,"St. George, UT",Arid,False,0.09118884,-0.06836478,-0.15955362,-0.18617423,-0.100376345,0.08579788,0.05387792,-1.7600386,-1.8139166,0.6764716,-0.07229802,-0.74876964
77743,"St. Joseph, MO--KS",Snow,False,-1.2699742,-0.28682685,0.9831474,0.36655656,0.35396788,-0.01258868,1.4284098,0.68628603,-0.7421238,0.7340218,0.93941414,0.20539236
77770,"St. Louis, MO--IL",Temperate,False,-0.28602338,-0.21716423,0.068859145,0.40429932,0.32194299,-0.082356334,1.8677123,0.92703664,-0.9406756,0.9826131,0.7704854,-0.21212769
78229,"Salem, OR",Temperate,False,0.5448276,-0.15491262,-0.6997402,0.5994756,0.4520468,-0.14742881,3.2749496,1.3537562,-1.9211934,1.2096467,0.6965958,-0.5130509
78310,"Salinas, CA",Temperate,True,0.7289097,0.07408167,-0.654828,0.6441829,0.73655623,0.09237331,3.0076566,2.5888898,-0.41876674,0.4159246,0.54597807,0.13005346
78499,"Salt Lake City--West Valley City, UT",Snow,False,0.15558313,-1.6433011,-1.7988843,0.8837857,0.61979544,-0.26399028,0.98361725,0.23093502,-0.7526822,1.5826753,1.1436781,-0.43899727
78553,"San Angelo, TX",Temperate,False,0.22009927,-0.55553406,-0.77563334,0.63727814,0.0638413,-0.57343686,2.1337283,-2.298266,-4.4319944,0.65106773,1.0048885,0.3538208
78580,"San Antonio, TX",Temperate,False,-0.01704212,-0.045918893,-0.028876772,0.43958423,0.31364363,-0.12594059,1.4831918,0.8433008,-0.639891,1.0233824,0.77010334,-0.2532791
78661,"San Diego, CA",Arid,True,-0.3762577,-0.7481084,-0.3718507,0.62122834,0.41210803,-0.2091203,0.49114743,-0.2517352,-0.7428826,0.77697927,0.9076876,0.13070834
78904,"San Francisco--Oakland, CA",Temperate,True,0.9089852,0.21562426,-0.6933609,0.6420357,0.31790638,-0.32412934,3.3539917,1.5379661,-1.8160256,0.83165115,0.6420719,-0.18957925
79039,"San Jose, CA",Temperate,False,1.3302473,0.44299862,-0.88724864,0.76673627,0.5178452,-0.24889106,3.446848,1.927093,-1.5197549,0.8752824,0.8847824,0.009499967
79147,"San Luis Obispo, CA",Temperate,True,-0.6004341,-0.1558364,0.44459772,0.26593143,0.15604962,-0.1098818,0.9804989,-1.7301164,-2.7106152,0.5029698,0.5705683,0.06759852
79201,"San Marcos, TX",Temperate,False,-0.25802496,-0.29927456,-0.041249603,0.41736493,0.4776855,0.060320586,0.12189799,-1.0486771,-1.170575,1.0519271,0.47319233,-0.57873476
79282,"Santa Barbara, CA",Temperate,True,0.4349314,0.08394073,-0.35099065,0.82349163,0.10660564,-0.716886,2.9407523,0.0927293,-2.848023,1.4538277,0.5998302,-0.8539975
79309,"Santa Clarita, CA",Arid,False,0.29440603,0.007404992,-0.28700104,0.61820006,0.54998165,-0.06821841,-0.12204344,-0.100551054,0.021492384,0.9485095,0.9107183,-0.037791193
79336,"Santa Cruz, CA",Temperate,True,0.50464964,-0.75484663,-1.2594962,0.24752367,0.69668645,0.44916278,3.4243312,-1.4828465,-4.907178,0.44978604,0.85580915,0.40602311
79363,"Santa Fe, NM",Temperate,False,-0.7017518,-2.10991,-1.4081582,0.40535396,-0.48310873,-0.88846266,0.49989793,-0.4676746,-0.96757257,1.1030365,0.7850165,-0.31802005
79417,"Santa Maria, CA",Temperate,True,0.95052886,-0.73339665,-1.6839255,0.5365676,0.16428298,-0.37228465,1.5366329,-0.23775825,-1.7743912,0.73587376,0.51364833,-0.22222543
79498,"Santa Rosa, CA",Temperate,False,0.63013583,0.15365915,-0.47647667,0.68306994,0.5787593,-0.10431063,2.312305,-0.006004688,-2.3183095,0.95533997,0.52745354,-0.42788643
80362,"Seaside--Monterey, CA",Temperate,True,0.6904643,0.20726006,-0.48320425,0.70872796,-0.031710986,-0.74043894,4.9085994,0.8532812,-4.0553184,1.0771059,0.826698,-0.25040787
80389,"Seattle, WA",Temperate,True,0.43151522,-0.017851273,-0.44936648,0.30254424,0.15889668,-0.14364755,2.2522879,0.11495191,-2.137336,0.70752,0.6611566,-0.046363413
81631,"Sherman, TX",Temperate,False,-0.036627952,-0.1919925,-0.15536456,0.32177636,0.26052332,-0.06125304,-1.1825083,-2.7746253,-1.592117,0.7567073,0.65816665,-0.09854066
81739,"Shreveport, LA",Temperate,False,-0.5662385,-0.042326644,0.5239119,0.32487804,0.23758864,-0.08728939,2.217701,-0.5062882,-2.723989,0.74234957,0.72182834,-0.020521224
81901,"Sierra Vista, AZ",Temperate,False,0.35907018,-2.280228,-2.639298,0.55209947,-0.5264795,-1.078579,0.46086276,-2.8365686,-3.2974315,0.77285284,0.4375916,-0.33526123
82144,"Simi Valley, CA",Temperate,False,0.677845,-0.9530861,-1.6309311,1.0492342,0.4013641,-0.64787006,1.543326,0.35572267,-1.1876034,1.6798165,1.0850058,-0.5948107
82225,"Sioux City, IA--NE--SD",Snow,False,0.028980289,-0.6841568,-0.7131371,0.32067874,0.077254936,-0.2434238,0.20381781,-0.4792513,-0.6830691,1.0315297,0.8849526,-0.14657706
82252,"Sioux Falls, SD",Snow,False,0.2013239,-0.8720451,-1.073369,0.39278734,0.035898622,-0.3568887,2.1236799,-1.5255855,-3.6492653,1.2582442,0.9856608,-0.27258337
82468,"Slidell, LA",Temperate,True,-0.024047133,0.06344948,0.08749661,0.29827,0.29835254,8.255243e-05,-0.46406236,0.13432729,0.5983896,0.5494598,0.6897701,0.14031029
83116,"South Bend, IN--MI",Snow,False,0.13565965,-0.1954082,-0.33106786,0.45124176,0.43451694,-0.016724825,1.2494621,-1.1237923,-2.3732543,0.98316133,0.93191683,-0.051244497
83764,"Spokane, WA",Temperate,False,0.3892339,-0.46129012,-0.850524,0.99586385,0.1738849,-0.8219789,1.1319749,-1.584222,-2.716197,1.2726306,0.7666324,-0.5059982
83953,"Springfield, MO",Temperate,False,-2.0007968,-1.1186209,0.8821759,0.5728302,0.10580609,-0.46702412,2.65358,0.46948364,-2.1840963,0.94638425,0.6566751,-0.28970915
85087,"Stockton, CA",Temperate,True,0.63784075,0.34352797,-0.29431278,0.6685338,0.47154662,-0.19698718,3.357409,2.5666273,-0.79078174,0.07123841,0.51963377,0.44839537
87058,"Temple, TX",Temperate,False,-0.1038162,0.00076573703,0.10458193,0.45678738,0.2477838,-0.20900358,0.17089233,-1.4093602,-1.5802525,0.5978872,0.5984887,0.00060147047
87193,"Texarkana--Texarkana, TX--AR",Temperate,False,-0.035977937,-0.12583232,-0.08985438,0.29985613,0.23143072,-0.0684254,1.3572054,-1.2165792,-2.5737846,0.7013382,0.689142,-0.012196183
87220,"Texas City, TX",Temperate,True,-0.75249815,-0.057164818,0.69533336,0.33054775,0.26159313,-0.06895462,1.4170338,-1.5304716,-2.9475055,0.7633421,0.63861525,-0.12472683
87490,"Thousand Oaks, CA",Temperate,True,-0.24938901,-0.5395734,-0.29018438,0.59746933,-0.06075255,-0.6582219,3.550095,0.050563887,-3.4995313,0.73071194,0.34015012,-0.39056182
88084,"Topeka, KS",Temperate,False,-0.1282538,-0.37354445,-0.24529065,0.29973382,0.30799007,0.008256257,1.4646572,-1.9680426,-3.4326997,0.7340969,0.7163742,-0.017722666
88273,"Tracy, CA",Temperate,False,-0.1310451,-0.44353837,-0.31249326,0.8081365,0.39699554,-0.41114098,-1.2767031,-0.39829686,0.8784063,-0.32461554,0.44994402,0.77455956
88732,"Tucson, AZ",Arid,False,0.2885805,-0.118479066,-0.40705958,0.6356649,0.14058894,-0.49507594,0.10126436,-0.6466583,-0.74792266,1.1847023,0.35443535,-0.83026695
88948,"Tulsa, OK",Temperate,False,-1.4131541,-1.0660228,0.34713137,0.42333233,0.33711526,-0.086217076,1.6325032,1.1968409,-0.43566227,0.9648517,0.82302386,-0.14182782
89083,"Turlock, CA",Arid,False,-1.3156514,0.0643816,1.380033,0.5173455,0.7894164,0.27207088,0.7218739,2.8635926,2.1417189,1.3614788,0.03582952,-1.3256493
89326,"Tyler, TX",Temperate,False,-0.008815463,-0.07131908,-0.06250362,0.2505572,0.21170819,-0.038849026,1.1515713,-1.3232421,-2.4748135,0.8861502,0.8912401,0.0050899386
89866,"Vacaville, CA",Temperate,False,0.26176018,0.31015122,0.048391044,0.5468361,0.55356264,0.006726563,0.5611341,0.46297175,-0.09816235,0.568804,0.67373407,0.10493004
90028,"Vallejo, CA",Temperate,True,0.5873383,0.03068174,-0.5566566,0.6917635,0.29549095,-0.39627257,4.208145,1.2824988,-2.9256463,-0.2833719,0.22404951,0.5074214
90514,"Victoria, TX",Temperate,False,-0.21162666,-0.27185208,-0.060225412,0.29283315,0.1604498,-0.13238335,1.672873,-2.6961808,-4.369054,0.41884243,0.5737237,0.15488124
90541,"Victorville--Hesperia, CA",Arid,False,-0.056826867,-0.16361465,-0.10678778,0.01642528,-0.22604115,-0.24246643,-1.4121414,-1.9037092,-0.49156773,0.44274342,0.51935816,0.07661474
90946,"Visalia, CA",Arid,False,-0.21515466,-0.66393703,-0.44878238,0.49407694,0.35705623,-0.1370207,0.85667,0.43100145,-0.42566857,1.2191045,1.2057956,-0.013308883
91027,"Waco, TX",Temperate,False,-2.0697188,-0.109227456,1.9604914,0.26805452,0.29418385,0.026129335,0.6945244,-1.9575472,-2.6520715,0.7833992,0.49591157,-0.28748766
91405,"Walla Walla, WA--OR",Temperate,False,-0.06839608,-0.92213166,-0.85373557,0.3598496,0.43537104,0.07552144,1.7676501,-3.0658383,-4.8334885,1.2500768,0.98545134,-0.26462543
92593,"Waterloo, IA",Snow,False,-0.7325827,-0.22942898,0.5031537,0.38136312,0.29654482,-0.0848183,0.43928444,-1.4855344,-1.9248189,1.122282,0.83208215,-0.29019988
92674,"Watertown, NY",Snow,False,0.102152124,-0.20187697,-0.3040291,0.4248592,0.45341697,0.028557777,1.4873219,-2.2632515,-3.7505734,0.7747521,0.57737124,-0.19738084
92890,"Watsonville, CA",Temperate,True,-0.050404493,-0.35639766,-0.30599317,0.20687933,0.59857416,0.39169484,1.1099216,-0.12406737,-1.233989,0.2189029,0.83705795,0.61815506
93025,"Wausau, WI",Snow,False,0.1786947,-0.8221136,-1.0008082,0.31618217,-0.08199551,-0.39817768,2.4162798,-1.9865936,-4.4028735,1.3033278,0.33422136,-0.96910644
93862,"Wenatchee, WA",Temperate,False,0.012951896,-0.89610803,-0.90905994,0.38501215,-0.12297282,-0.507985,1.9464328,-1.9169223,-3.8633552,1.1225779,0.022598557,-1.0999794
93916,"West Bend, WI",Snow,False,0.0026431382,-0.47110975,-0.4737529,0.37591344,0.52538383,0.14947039,1.0909995,-2.3623242,-3.4533238,1.2688894,1.113438,-0.15545142
95077,"Wichita, KS",Temperate,False,-0.61251825,-1.4882512,-0.87573296,0.5542752,0.13760063,-0.41667458,2.5448446,-0.62245584,-3.1673005,0.9119441,0.8763542,-0.035589874
95104,"Wichita Falls, TX",Temperate,False,-0.6071081,-0.6417809,-0.034672797,0.40666276,0.35794118,-0.04872158,1.7695756,1.552762,-0.21681356,0.7439387,0.78454566,0.040606976
96994,"Woodland, CA",Temperate,False,-0.049067184,0.6060823,0.6551495,0.9007741,0.6429658,-0.25780833,-0.52717143,1.5516322,2.0788035,0.31944183,0.45102948,0.13158765
97507,"Yakima, WA",Temperate,False,0.6617327,-0.40109366,-1.0628264,0.90993595,0.1965135,-0.7134224,1.0185077,1.0020604,-0.016447306,1.7763926,0.72072315,-1.0556694
97939,"Yuba City, CA",Temperate,False,-0.41941872,-0.40545154,0.013967186,0.40674645,0.33264193,-0.07410452,0.006907035,-1.4611775,-1.4680845,0.56143636,0.88685495,0.3254186
98020,"Yuma, AZ--CA",Arid,False,-2.2030373,-2.141932,0.06110525,0.11529986,0.04050888,-0.07479098,-0.7224749,-0.49491984,0.22755504,0.2916131,0.6167647,0.32515162
199,"Aberdeen--Bel Air South--Bel Air North, MD",Temperate,True,0.06851518,-0.2637406,-0.33225578,0.38050663,0.13427898,-0.24622765,0.9824581,-0.99977183,-1.98223,0.52839786,0.5903079,0.061910033
766,"Akron, OH",Snow,False,0.036544904,-0.4723216,-0.5088665,0.36277106,0.28726205,-0.07550901,0.8214856,-1.0875667,-1.9090524,0.90059876,0.3535134,-0.5470854
901,"Albany, GA",Temperate,False,0.018275194,-0.17606154,-0.19433674,0.2544956,0.31483132,0.060335726,1.2226396,-0.54463255,-1.7672721,0.68136775,0.7026224,0.021254659
1495,"Allentown, PA--NJ",Snow,False,0.59570897,-0.01641533,-0.6121243,0.60294485,0.43987298,-0.16307187,3.3717427,-0.9412029,-4.3129454,1.2528139,0.60603476,-0.6467792
2413,"Anderson, SC",Temperate,False,-0.018874288,-0.25663555,-0.23776126,0.3615011,0.4632513,0.101750195,1.9686021,-1.2957284,-3.2643304,0.78181326,0.6837938,-0.09801948
2602,"Ann Arbor, MI",Snow,False,0.16577847,-0.07920885,-0.24498732,0.44337392,0.34115207,-0.10222185,0.9821392,-0.2323133,-1.2144525,1.0111458,0.8567219,-0.15442395
2629,"Anniston--Oxford, AL",Temperate,False,-0.053095084,-0.21185397,-0.15875888,0.23495536,0.2168819,-0.018073454,1.0268056,-1.1621146,-2.1889203,0.4121494,0.46777698,0.055627584
3358,"Asheville, NC",Temperate,False,-0.93361497,-0.82515776,0.10845721,0.08309307,-0.12675676,-0.20984983,0.5633977,-2.4535208,-3.0169184,0.42710626,0.2659099,-0.16119635
3763,"Athens-Clarke County, GA",Temperate,False,-0.08141851,-0.10073894,-0.019320436,0.3260072,0.20505798,-0.12094921,1.3039956,-1.4186274,-2.7226229,0.52640593,0.54677063,0.020364702
3817,"Atlanta, GA",Temperate,False,0.07142508,-0.08937235,-0.16079743,0.29900467,0.2742343,-0.024770379,0.8098875,0.0075023044,-0.8023852,0.7961029,0.8362424,0.040139496
3898,"Atlantic City, NJ",Temperate,True,0.050999347,-0.057058185,-0.10805753,0.34101322,0.7109522,0.369939,1.2515765,0.303313,-0.9482635,0.813787,1.0987118,0.28492486
4033,"Auburn, AL",Temperate,False,-1.5918196,-0.24775839,1.3440613,0.36241758,0.18199983,-0.18041775,1.2403862,-1.979741,-3.220127,0.67539024,0.69373506,0.01834482
4222,"Augusta-Richmond County, GA--SC",Temperate,False,0.026599512,-0.018154956,-0.044754468,0.3352841,0.20701891,-0.1282652,0.65972805,-0.7515167,-1.4112448,0.74623936,0.7225883,-0.023651063
4843,"Baltimore, MD",Temperate,True,-0.18015915,-0.28443012,-0.104270965,0.48377252,0.15045038,-0.33332214,1.6719795,-0.25728774,-1.9292673,0.5417402,0.55729735,0.01555717
5869,"Bay City, MI",Snow,False,-0.3919779,-0.29138702,0.100590885,0.32305223,0.46995813,0.1469059,1.6313968,-3.6075847,-5.2389812,1.050671,0.9005183,-0.15015268
6139,"Beckley, WV",Temperate,False,-0.62392235,-1.0713854,-0.44746304,0.10383205,-0.07704047,-0.18087253,-3.4561267,-2.7256246,0.7305021,0.17558092,0.5192654,0.3436845
7786,"Birmingham, AL",Temperate,False,0.08877899,-0.08626476,-0.17504375,0.31562066,0.2650444,-0.05057627,1.2340953,-0.77654886,-2.0106442,0.9895303,0.6897216,-0.29980874
8002,"Blacksburg, VA",Temperate,False,-0.32893705,-0.7827418,-0.45380473,0.1675339,0.12802789,-0.03950602,-1.3592073,-2.8974648,-1.5382575,0.5561615,0.46930623,-0.08685529
8380,"Bloomington, IN",Temperate,False,0.013093538,-0.06864085,-0.08173439,0.42875016,0.29357338,-0.13517678,2.0019383,1.1901913,-0.8117471,0.9868361,0.58156204,-0.40527403
8434,"Bloomsburg--Berwick, PA",Snow,False,0.23685656,-0.4939714,-0.730828,0.58137316,0.29675457,-0.2846186,0.2743738,-3.2753532,-3.549727,1.0854975,0.22372375,-0.8617737
8974,"Bonita Springs, FL",Tropical,True,-2.220733,-2.1826258,0.038107157,0.4726968,0.37349036,-0.09920645,2.829093,1.0843616,-1.7447314,1.3010429,1.0117279,-0.289315
9379,"Bowling Green, KY",Temperate,False,-1.1908815,-0.11607322,1.0748082,0.38569766,0.3324787,-0.05321896,0.77355576,-1.7122252,-2.485781,0.77674353,1.0196056,0.2428621
10162,"Bridgeport--Stamford, CT--NY",Temperate,True,0.82749534,-0.052232005,-0.87972736,0.51769,0.39320898,-0.12448102,2.8644161,-0.7771752,-3.6415913,0.34763175,0.53736407,0.18973231
10351,"Bristol--Bristol, TN--VA",Temperate,False,-0.3803358,-0.50539017,-0.12505436,0.09439683,-0.0024338346,-0.096830666,1.0523207,-2.2603312,-3.3126519,0.41704947,0.018477742,-0.39857173
11026,"Brunswick, GA",Temperate,True,-0.84837365,-0.10759102,0.7407826,0.37768093,0.27259272,-0.105088204,0.18335404,-1.2453893,-1.4287434,1.1676353,0.46807274,-0.69956255
11728,"Burlington, NC",Temperate,False,-0.2201337,-0.096500784,0.12363292,0.27722016,0.23188469,-0.04533547,0.44224665,-1.8312099,-2.2734566,0.6685218,0.65530306,-0.0132187605
13375,"Canton, OH",Snow,False,0.29504377,-0.49641258,-0.79145634,0.4240576,0.24571949,-0.17833811,2.9204798,-1.3700271,-4.290507,1.2598267,0.45728105,-0.8025456
13510,"Cape Coral, FL",Temperate,True,-0.2907762,-0.00085353863,0.28992265,0.35319665,0.4463608,0.093164146,1.7665144,0.22779591,-1.5387185,0.56587756,0.9105354,0.34465784
13537,"Cape Girardeau, MO--IL",Temperate,False,-1.850937,-0.21203941,1.6388977,0.34484977,0.29029876,-0.054551005,1.0135968,-0.33470333,-1.3483001,0.7850766,0.7496772,-0.035399437
13591,"Carbondale, IL",Temperate,False,-0.091443725,-0.3461979,-0.2547542,0.22680095,0.44735524,0.22055429,0.7712759,-0.74113643,-1.5124123,0.5824725,0.6080362,0.025563717
14185,"Cartersville, GA",Temperate,False,-0.14429656,-0.19418131,-0.04988475,0.35702616,0.07236591,-0.28466025,-0.77784145,-3.697175,-2.9193335,0.72921133,0.64807826,-0.08113307
15481,"Charleston, WV",Temperate,False,-0.26964727,-0.18466523,0.08498204,-0.065407164,0.23258889,0.29799604,-2.6102393,-0.7439144,1.8663249,0.802355,0.60260355,-0.19975144
15508,"Charleston--North Charleston, SC",Temperate,True,0.20020601,0.026454538,-0.17375147,0.45084757,0.3775422,-0.07330537,1.2663805,-0.63015103,-1.8965316,0.91391486,0.80304164,-0.11087322
15670,"Charlotte, NC--SC",Temperate,False,-0.021287264,-0.122010075,-0.10072281,0.30227843,0.36366692,0.061388493,0.44302934,-0.6960448,-1.1390741,0.81642973,0.67880285,-0.13762689
15724,"Charlottesville, VA",Temperate,False,0.061942387,-0.34448195,-0.40642434,0.41182122,0.18204033,-0.22978088,0.33932966,-2.0089068,-2.3482366,0.52750885,0.7396833,0.21217442
15832,"Chattanooga, TN--GA",Temperate,False,0.002958586,-0.11584845,-0.11880704,0.34177244,0.20872106,-0.13305138,0.9810107,-1.8676142,-2.8486247,0.79446775,0.4441027,-0.35036504
16885,"Cincinnati, OH--KY--IN",Temperate,False,-0.06489279,-0.06104351,0.0038492829,0.4633696,0.34710264,-0.116266966,1.6360428,1.056957,-0.5790858,1.1026957,0.71958035,-0.38311535
17317,"Clarksville, TN--KY",Temperate,False,-0.3774928,-0.21093723,0.16655555,0.3356738,0.29775956,-0.037914246,0.9992617,-0.16699049,-1.1662521,0.8353555,0.83527565,-7.9870224e-05
17668,"Cleveland, OH",Snow,False,0.41436595,-0.21898064,-0.63334656,0.5805384,0.32794175,-0.25259665,2.532727,0.14783186,-2.384895,1.4617832,0.7133775,-0.7484057
17722,"Cleveland, TN",Temperate,False,-1.3029253,-0.1585268,1.1443986,0.16338137,0.4133584,0.24997702,2.039894,-1.3410361,-3.3809302,0.7390643,0.43587583,-0.30318844
18964,"Columbia, SC",Temperate,False,-0.0454979,0.03743431,0.08293221,0.37613708,0.29677004,-0.07936704,1.1175691,0.38222432,-0.73534477,0.74384767,0.8118035,0.06795585
19099,"Columbus, GA--AL",Temperate,False,0.15713419,-0.15232125,-0.30945545,0.4006728,0.2463758,-0.154297,1.0880734,-0.39352128,-1.4815947,0.8545662,0.7045216,-0.15004462
19126,"Columbus, IN",Temperate,False,-0.3031911,-0.1526477,0.15054339,0.39610702,0.19423077,-0.20187625,-1.2091664,-0.31833106,0.89083534,0.9280585,0.6599558,-0.2681027
19234,"Columbus, OH",Snow,False,0.1894302,-0.008337619,-0.19776782,0.46843374,0.3499109,-0.11852282,1.3213434,0.08856532,-1.2327781,1.1787853,0.83981884,-0.3389665
19558,"Concord, NC",Temperate,False,-0.1547665,-0.11046682,0.044299677,0.22848056,0.26785958,0.039379016,-0.7613364,-1.2113807,-0.45004433,0.6283361,0.48346114,-0.14487493
21745,"Cumberland, MD--WV--PA",Temperate,False,0.48785925,-0.23495296,-0.7228122,0.6043209,0.023010142,-0.58131075,0.9876062,-0.9369713,-1.9245775,1.085618,0.6477766,-0.43784142
22069,"Dalton, GA",Temperate,False,-0.103572614,-0.23629709,-0.13272446,0.29740465,-0.1381961,-0.43560076,0.6930031,-1.8079247,-2.500928,0.54045975,0.9422396,0.40177983
22096,"Danbury, CT--NY",Temperate,False,0.06442078,-0.25724792,-0.3216687,0.43496624,0.17910038,-0.25586587,0.52494854,-2.649193,-3.1741416,0.79857236,0.28501216,-0.5135602
22285,"Daphne--Fairhope, AL",Temperate,True,-0.087509096,-0.1628815,-0.0753724,0.24714088,0.19021249,-0.056928396,-2.4544768,-0.91938484,1.535092,0.57161695,0.48807585,-0.083541095
22528,"Dayton, OH",Temperate,False,-0.2999816,-0.051894985,0.2480866,0.34869778,0.3230793,-0.025618494,0.76994467,-0.024189498,-0.79413414,0.94147485,0.63946986,-0.302005
22690,"Decatur, AL",Temperate,False,0.17064834,-0.07028814,-0.24093647,0.27407706,0.33415598,0.06007892,0.27502725,-2.548367,-2.8233943,0.89832634,0.5479447,-0.3503816
23311,"Deltona, FL",Temperate,False,-0.27865797,0.07492318,0.35358116,0.18553433,0.24178953,0.056255206,1.5271573,0.2645615,-1.2625958,0.5478632,0.5988718,0.05100864
23824,"Detroit, MI",Snow,False,0.22087431,-0.14825554,-0.36912984,0.49828887,0.39272058,-0.10556829,2.2696652,-0.25801706,-2.5276823,1.316993,0.8599973,-0.45699573
24472,"Dothan, AL",Temperate,False,-0.48944846,-0.048861094,0.44058737,0.30331856,0.3270104,0.023691833,1.6384068,0.8106144,-0.82779235,0.7019543,0.903863,0.20190871
24580,"Dover, DE",Temperate,True,-0.047738083,-0.26019767,-0.2124596,0.46602023,0.26807934,-0.19794089,0.17239062,-2.7636385,-2.9360292,1.0378641,1.1394224,0.10155833
25228,"Durham, NC",Temperate,False,0.13259798,-0.07489774,-0.20749572,0.33805424,0.27682135,-0.061232895,0.79405093,-0.9750052,-1.7690561,0.92050886,0.46590352,-0.45460534
25849,"East Stroudsburg, PA--NJ",Snow,False,-0.41488376,-0.24907987,0.1658039,-0.016101727,0.30475774,0.32085946,-2.4769146,-1.5827901,0.8941245,-0.14673851,0.25456583,0.40130436
26750,"Elizabethtown--Radcliff, KY",Temperate,False,-0.010300949,-0.19251718,-0.18221623,0.31850994,0.39480686,0.076296926,-0.95792973,-1.304647,-0.34671724,0.6543905,0.6861882,0.031797707
27766,"Erie, PA",Snow,False,0.5368952,-0.18318012,-0.72007537,0.60435057,0.32715517,-0.2771954,3.2563486,-1.2147627,-4.4711113,1.7062719,0.36861446,-1.3376575
28333,"Evansville, IN--KY",Temperate,False,-0.12029578,-0.24341212,-0.123116344,0.34276116,0.2905238,-0.05223736,1.0928198,-1.0651625,-2.1579823,0.92865556,0.82486254,-0.103793025
29440,"Fayetteville, NC",Temperate,False,0.15508273,-0.048208266,-0.203291,0.28444642,0.26302552,-0.021420896,1.8172046,-0.8630233,-2.6802278,0.8286673,0.5077625,-0.3209048
29872,"Flint, MI",Snow,False,-0.11284985,-0.29502308,-0.18217324,0.40176508,0.26177967,-0.13998541,0.60589147,-2.4038315,-3.009723,0.9512671,0.7419075,-0.20935965
29953,"Florence, AL",Temperate,False,0.14873058,-0.11724153,-0.2659721,0.2597696,0.2741814,0.014411807,0.08644394,-2.2813332,-2.367777,0.7390886,0.6395651,-0.099523485
30061,"Florence, SC",Temperate,False,0.023069551,0.06452132,0.041451767,0.14063543,0.21479608,0.07416065,-1.1990675,0.032280467,1.2313479,0.45651245,0.5402905,0.08377802
31060,"Fort Walton Beach--Navarre--Wright, FL",Temperate,True,-0.7212665,-0.15326351,0.568003,0.3089748,0.38745904,0.07848424,1.9496956,-0.19537824,-2.145074,0.50304615,0.8388981,0.33585197
31519,"Frederick, MD",Temperate,False,0.09049903,-0.24592578,-0.33642483,0.5043876,0.29388118,-0.21050644,1.2491922,-1.9941876,-3.2433798,1.054122,0.43330556,-0.6208164
31600,"Fredericksburg, VA",Temperate,True,-0.020783544,0.068812564,0.08959611,0.39342123,0.35136843,-0.042052805,-0.10888405,-0.12102899,-0.012144938,0.39948028,0.4950142,0.09553391
32113,"Gadsden, AL",Temperate,False,-0.007976431,-0.20481125,-0.19683482,0.2527078,0.27849168,0.025783867,0.47151986,-1.8987192,-2.370239,0.7783571,0.5738737,-0.20448339
32167,"Gainesville, FL",Temperate,False,-0.15099916,-0.0812018,0.06979736,0.27490994,0.13522989,-0.13968006,1.8095422,-0.37488738,-2.1844296,0.4783049,0.30813518,-0.17016971
32194,"Gainesville, GA",Temperate,False,-0.009787567,-1.4168026,-1.4070151,0.33456343,0.1860486,-0.14851484,-0.53670216,-2.3657823,-1.8290801,0.29989964,0.6171788,0.31727916
32653,"Gastonia, NC--SC",Temperate,False,-0.024741981,-0.14991397,-0.12517199,0.2822141,0.22169319,-0.060520917,-0.669581,-2.1003423,-1.4307613,0.7438874,0.5919126,-0.1519748
33814,"Goldsboro, NC",Temperate,False,-1.1799718,-0.2255393,0.9544325,0.19486743,0.2890888,0.09422135,1.0164336,-2.1186848,-3.1351185,0.4985716,1.0028136,0.50424194
35164,"Greensboro, NC",Temperate,False,-1.4508559,-0.22961445,1.2212414,0.32013127,0.24730085,-0.07283042,1.3300816,-1.2557006,-2.585782,0.95532686,0.43817106,-0.51715577
35380,"Greenville, NC",Temperate,False,-0.23607288,-0.1974925,0.038580388,0.2747252,0.28776395,0.013038754,0.40473175,-0.910766,-1.3154978,0.9116636,0.64136815,-0.27029544
35461,"Greenville, SC",Temperate,False,-0.97316694,-0.04721318,0.92595375,0.29836118,0.33979058,0.0414294,1.6443927,0.8172277,-0.827165,0.6920433,0.78261805,0.09057474
35920,"Gulfport, MS",Temperate,True,-0.08038821,0.035907634,0.116295844,0.42440858,0.34219784,-0.08221075,1.0292069,-1.3131945,-2.3424015,0.78758395,0.5470144,-0.24056953
36190,"Hagerstown, MD--WV--PA",Temperate,False,0.22675781,-0.35711178,-0.5838696,0.47230738,0.34004915,-0.13225824,1.9356291,-3.0210385,-4.956668,1.2686052,0.5725788,-0.69602644
37162,"Harrisonburg, VA",Temperate,False,0.006387813,-0.4198528,-0.4262406,0.34701642,-0.053309646,-0.40032607,2.0276537,-2.272216,-4.2998695,1.1138949,0.7368812,-0.37701374
37594,"Hattiesburg, MS",Temperate,False,-0.14735623,0.008419819,0.15577605,0.3193545,0.11251233,-0.20684218,1.0927346,-1.3240343,-2.416769,0.81452906,0.6091281,-0.20540094
37945,"Hazleton, PA",Snow,False,0.14591807,-0.7329475,-0.8788656,0.010909212,-0.102727264,-0.11363648,5.219162,-2.2523024,-7.471464,0.81373596,0.36727878,-0.44645718
38647,"Hickory, NC",Temperate,False,-0.53660357,-0.5056199,0.030983686,0.16931029,0.118126184,-0.051184103,0.011466432,-2.616851,-2.6283176,0.7168381,0.37698185,-0.33985627
38809,"High Point, NC",Temperate,False,-0.0030327486,-0.19441248,-0.19137974,0.40138692,0.24383542,-0.1575515,2.3213606,-1.1053941,-3.4267547,0.82302535,0.45392942,-0.36909592
39079,"Hilton Head Island, SC",Temperate,True,-0.0924967,0.27094594,0.36344263,0.3561654,0.35058844,-0.005576968,-0.33817786,-1.0683299,-0.7301521,0.5896172,0.72982484,0.14020765
39133,"Hinesville, GA",Temperate,True,-0.16824526,-0.17616725,-0.007921994,0.24740347,0.045958057,-0.20144542,0.98012626,-1.7122256,-2.6923518,0.44483793,0.59268427,0.14784634
39758,"Homosassa Springs--Beverly Hills--Citrus Springs, FL",Temperate,True,-0.21321397,-0.16656022,0.046653748,0.16440845,0.2734206,0.10901216,-0.23364273,-1.1292535,-0.8956108,0.26151764,-0.01504571,-0.27656335
40753,"Huntington, WV--KY--OH",Temperate,False,-0.278928,-0.055896644,0.22303137,0.51463723,0.21797246,-0.29666477,0.41346303,-1.2356751,-1.6491381,1.0877837,0.50632006,-0.58146363
40780,"Huntsville, AL",Temperate,False,-0.035546146,-0.10230841,-0.06676226,0.35969532,0.24989402,-0.10980129,0.98349905,-0.38080248,-1.3643016,0.71310306,0.6786618,-0.034441233
42157,"Jackson, MI",Snow,False,-0.020765895,-0.29719648,-0.27643058,0.35179982,0.12584057,-0.22595924,0.44321877,-1.9962919,-2.4395106,1.0813582,1.0105475,-0.070810676
42265,"Jackson, TN",Temperate,False,-0.041674644,-0.33833858,-0.29666394,0.28099412,0.29956892,0.018574804,0.5536564,-1.7515668,-2.3052232,0.8123601,0.7610697,-0.051290393
42346,"Jacksonville, FL",Temperate,True,-1.4539716,-0.049753115,1.4042186,0.3395967,0.35487658,0.015279889,1.9439739,0.23349938,-1.7104745,0.6800374,0.65517044,-0.024866939
42400,"Jacksonville, NC",Temperate,True,0.10069261,0.049724888,-0.05096772,0.35938832,0.19610906,-0.16327927,0.44390532,-0.40683746,-0.8507428,0.99236536,0.6289884,-0.36337698
43210,"Johnson City, TN",Temperate,False,-1.2546183,-0.83854705,0.41607124,0.1450258,-0.043050025,-0.18807583,-2.036805,-1.7328234,0.30398154,0.49457622,0.23028165,-0.26429456
45235,"Kingsport, TN--VA",Temperate,False,-0.59225357,-0.90106016,-0.3088066,0.17109345,-0.06581916,-0.23691261,-1.407717,-1.7920582,-0.38434124,0.5283257,0.19001198,-0.3383137
45451,"Kissimmee, FL",Temperate,False,-1.7727869,-0.20962068,1.5631661,0.3631857,0.22949952,-0.13368618,1.9557902,-1.1727566,-3.1285467,0.5096429,0.51440704,0.0047641397
45640,"Knoxville, TN",Temperate,False,-0.18881574,-0.20295171,-0.014135972,0.31894216,0.32439482,0.0054526627,0.12670214,-0.83917373,-0.96587586,0.8380021,0.6156713,-0.22233081
45937,"Lady Lake--The Villages, FL",Temperate,False,-0.26954192,-0.32735142,-0.057809502,0.11405586,0.20095572,0.08689986,-2.4544399,2.1458194,4.6002593,0.7556252,0.62529635,-0.13032883
46828,"Lakeland, FL",Temperate,False,-2.1886084,0.13610289,2.3247113,0.2560675,0.21319924,-0.04286827,2.0059774,1.8038824,-0.20209503,0.7062288,0.53718257,-0.16904622
47530,"Lancaster, PA",Temperate,False,0.4870779,-0.0038368774,-0.49091476,0.5277457,0.41589558,-0.11185014,0.61422706,-1.0523994,-1.6666265,1.1966923,0.58765054,-0.6090418
47719,"Lansing, MI",Snow,False,-0.46772012,-0.23056135,0.23715878,0.41337085,0.3086525,-0.10471836,1.3312564,-0.98995054,-2.321207,0.99750453,0.6915895,-0.30591506
48664,"Lebanon, PA",Temperate,False,0.54518914,-0.2945246,-0.83971375,0.56689787,0.48783356,-0.07906431,4.029209,-3.0938811,-7.1230903,1.1556952,0.99260473,-0.16309047
48799,"Leesburg--Eustis--Tavares, FL",Temperate,False,0.012980185,-0.26721016,-0.28019035,0.35048237,0.18997216,-0.16051021,1.3104532,-1.1837194,-2.4941726,0.35896385,0.53238857,0.17342472
49582,"Lexington-Fayette, KY",Temperate,False,-0.891258,-0.42965764,0.46160036,0.47816607,0.30699724,-0.17116883,1.9694108,0.090994656,-1.8784161,1.134176,0.7790152,-0.35516083
49594,"Lexington Park--California--Chesapeake Ranch Estates, MD",Temperate,True,0.012255082,-0.31005073,-0.3223058,0.47689375,0.46375865,-0.013135105,-0.23710172,-1.4610184,-1.2239168,0.99219054,0.593269,-0.39892155
49852,"Lima, OH",Snow,False,-2.2744968,-0.25552633,2.0189705,0.42997378,0.45264485,0.022671074,0.9399996,-2.1034768,-3.0434763,0.7635518,1.2366658,0.47311407
51364,"Lorain--Elyria, OH",Snow,False,-1.1193165,-0.2624159,0.8569006,0.4139728,0.37038004,-0.04359275,0.5200087,-0.91425544,-1.4342642,0.9241896,0.69037795,-0.23381168
51755,"Louisville/Jefferson County, KY--IN",Temperate,False,0.0150652025,-0.2198256,-0.2348908,0.41960734,0.32407033,-0.09553701,2.0630524,-0.24641882,-2.3094711,1.0099493,0.6973288,-0.31262052
52201,"Lynchburg, VA",Temperate,False,-0.5853964,-0.22064406,0.36475235,0.33026266,0.12828735,-0.20197532,0.37309703,-1.57447,-1.9475671,0.601599,0.3947339,-0.20686507
52822,"Macon, GA",Temperate,False,-0.8024772,-0.15797874,0.64449847,0.17853548,0.1554221,-0.02311337,0.9044615,-0.41614845,-1.3206099,0.6909139,0.5433651,-0.1475488
54091,"Mansfield, OH",Snow,False,-1.249666,-0.63277704,0.61688894,0.19606762,-0.04233099,-0.23839861,0.6876244,-1.0561614,-1.7437859,0.89566123,0.7523948,-0.14326644
55603,"Mauldin--Simpsonville, SC",Temperate,False,-0.31773245,0.103194565,0.42092702,0.11665974,0.1767231,0.060063355,0.31268638,0.04993421,-0.26275218,0.73971397,0.41879427,-0.3209197
56602,"Miami, FL",Tropical,True,-2.298388,-2.208795,0.08959293,0.4275443,0.39462984,-0.03291446,2.0378966,1.3347206,-0.703176,1.2201493,0.90611804,-0.31403124
56899,"Middletown, NY",Snow,False,0.3889821,-0.38946733,-0.7784494,0.38495916,0.55180824,0.16684908,2.5370789,-1.1323538,-3.6694326,0.80771273,0.7999293,-0.007783413
56926,"Middletown, OH",Temperate,False,0.10322558,-0.047561694,-0.15078728,0.3823713,0.3015754,-0.080795914,1.034934,-0.25429586,-1.2892299,0.764341,0.6751757,-0.08916527
56980,"Midland, MI",Snow,False,-1.5387015,-0.0856333,1.4530683,0.3537523,0.38119444,0.027442157,1.1387018,-0.79050165,-1.9292035,0.8573985,0.61136216,-0.24603635
57925,"Mobile, AL",Temperate,True,0.19237065,0.11226934,-0.08010131,0.3922158,0.10508861,-0.2871272,0.49175602,0.69671685,0.20496082,0.75174713,0.7791423,0.027395189
58168,"Monessen--California, PA",Temperate,False,0.24417773,-0.24015006,-0.4843278,0.5637064,0.33327296,-0.23043343,2.535046,-1.1701783,-3.7052245,1.037104,0.8605317,-0.17657232
58357,"Monroe, MI",Snow,False,-1.6463585,-0.27224046,1.3741181,0.49561918,0.42685208,-0.0687671,-0.1648899,-1.611881,-1.4469911,0.79032826,1.1859081,0.39557981
58600,"Montgomery, AL",Temperate,False,0.07958779,-0.27919045,-0.35877824,0.28478003,0.30427226,0.019492239,1.6388515,1.3929464,-0.24590516,0.61255896,0.66936433,0.056805372
59275,"Morgantown, WV",Temperate,False,0.09262111,-0.18753983,-0.28016093,0.4083967,0.14516713,-0.26322955,1.1509659,0.029158413,-1.1218076,0.8781283,0.70102525,-0.17710304
59410,"Morristown, TN",Temperate,False,-1.5616684,-1.1864144,0.37525403,0.027398337,-0.006317179,-0.033715516,-0.58926374,-3.033805,-2.4445412,0.38901526,0.66673326,0.277718
60733,"Murfreesboro, TN",Temperate,False,0.05606947,-0.21282265,-0.2688921,0.44859767,0.2643861,-0.18421158,-0.13931842,-1.036886,-0.8975676,1.0048156,0.7047281,-0.30008745
60895,"Myrtle Beach--Socastee, SC--NC",Temperate,True,0.08264098,0.05892753,-0.023713455,0.30061194,0.3846785,0.08406657,-0.49951637,0.70014924,1.1996655,0.6209048,0.62826705,0.0073622465
61273,"Nashville-Davidson, TN",Temperate,False,0.07038737,-0.16342887,-0.23381624,0.30871275,0.3119544,0.0032416582,0.86414164,-0.9935912,-1.8577328,1.015671,0.6715327,-0.34413832
61705,"Newark, OH",Temperate,False,-2.260476,-0.24091071,2.0195653,0.41715947,0.08807412,-0.32908535,1.0845026,-2.0517015,-3.1362042,0.8846808,1.1428895,0.2582087
61840,"New Bern, NC",Temperate,True,-0.0050572725,-0.122571915,-0.11751464,0.35486865,-0.05065375,-0.4055224,-0.2760423,-1.7233733,-1.447331,0.4972852,0.63517934,0.13789415
63217,"New York--Newark, NY--NJ--CT",Temperate,True,0.70502675,0.19349428,-0.5115325,0.8675434,0.45447767,-0.41306573,4.3165627,0.996515,-3.3200476,1.3201222,0.73346096,-0.5866613
63838,"North Port--Port Charlotte, FL",Temperate,True,-1.3469446,0.025845326,1.3727899,0.39991212,0.7216208,0.32170868,1.9322257,1.2441982,-0.6880275,0.72381586,0.8734862,0.14967036
64567,"Ocala, FL",Temperate,False,-0.55565685,0.008382709,0.5640396,0.21551329,0.25695533,0.041442037,1.8985198,1.7213912,-0.17712855,0.4978401,0.50753105,0.00969094
65863,"Orlando, FL",Temperate,False,-1.7689506,-0.012910845,1.7560397,0.3517735,0.26371187,-0.08806163,2.324544,0.6457989,-1.678745,0.5526904,0.44271693,-0.10997346
66484,"Owensboro, KY",Temperate,False,-0.114574894,-0.25830558,-0.14373069,0.42899698,0.31295395,-0.11604303,0.40214548,-0.416364,-0.81850946,0.8887075,0.71120834,-0.17749918
67105,"Palm Bay--Melbourne, FL",Temperate,True,-0.24031252,-0.60998136,-0.36966884,0.4131732,0.4932957,0.0801225,1.6047068,0.2780681,-1.3266387,0.71214247,0.9395242,0.2273817
67134,"Palm Coast--Daytona Beach--Port Orange, FL",Temperate,True,-1.8654368,0.0095417835,1.8749785,0.38264227,0.39151192,0.008869648,2.0042539,-0.32915595,-2.3334098,0.7440355,0.7323267,-0.011708796
67294,"Panama City, FL",Temperate,True,-1.6871798,-0.0016541498,1.6855257,0.4359531,0.33112654,-0.10482657,2.0629814,-0.17317787,-2.2361593,0.90419644,0.7167434,-0.18745303
67672,"Parkersburg, WV--OH",Temperate,False,-1.8103024,-0.3157925,1.4945099,0.46135065,0.29586753,-0.16548312,1.7187326,-1.6242974,-3.34303,1.1274356,0.84452736,-0.2829082
67807,"Pascagoula, MS",Temperate,True,-0.33068013,0.051500116,0.38218024,0.4158322,0.37466633,-0.04116586,-0.8789008,0.23091985,1.1098207,0.5572108,1.0643367,0.50712585
68482,"Pensacola, FL--AL",Temperate,True,-1.4337757,-0.08438889,1.3493868,0.3000627,0.29384124,-0.0062214434,1.7859762,0.094671175,-1.691305,0.4960299,0.6122882,0.11625826
69076,"Philadelphia, PA--NJ--DE--MD",Temperate,True,0.49182826,0.012981022,-0.47884724,0.70547473,0.13410965,-0.5713651,2.671054,-0.1296368,-2.8006907,0.69667697,0.6406659,-0.05601108
69697,"Pittsburgh, PA",Temperate,False,0.12111123,-0.42538688,-0.5464981,0.4726342,0.34269977,-0.12993443,1.5226425,-0.38874173,-1.9113842,1.1499501,0.5065762,-0.64337397
71155,"Port Huron, MI",Snow,False,-0.03223837,-0.22367568,-0.1914373,0.45681518,0.40849617,-0.048319012,0.87767017,-2.581419,-3.4590893,1.1630387,0.91124403,-0.2517947
71479,"Port St. Lucie, FL",Temperate,True,-2.060847,-0.26532733,1.7955197,0.36606824,0.33317885,-0.032889396,1.9931569,1.45409,-0.5390669,0.59738564,0.63924104,0.041855395
71749,"Pottstown, PA",Temperate,False,0.44866794,-0.14132062,-0.5899886,0.6576055,0.28306633,-0.3745392,1.9880087,-1.668721,-3.6567297,1.2718561,0.17736559,-1.0944905
71803,"Poughkeepsie--Newburgh, NY--NJ",Snow,False,0.30220133,-0.21237993,-0.51458126,0.512043,0.28214407,-0.22989893,1.6835306,-1.4080348,-3.0915654,0.9441098,0.25318754,-0.69092226
73261,"Raleigh, NC",Temperate,False,-0.1307079,-0.07128619,0.059421718,0.25540954,0.23230952,-0.023100019,0.99871796,-0.3233454,-1.3220633,0.760705,0.5892885,-0.17141652
73693,"Reading, PA",Temperate,False,0.65380776,-0.23361285,-0.8874206,0.57933676,0.42269257,-0.1566442,3.746746,-0.8248593,-4.571605,1.3405094,0.66778445,-0.67272496
74746,"Richmond, VA",Temperate,True,-0.87840855,-0.02637957,0.85202897,0.39845204,0.10475089,-0.29370117,1.7446208,-0.2516435,-1.9962643,0.7257123,0.6979567,-0.027755618
75421,"Roanoke, VA",Temperate,False,-0.18444353,-0.9317083,-0.74726474,0.3967378,0.15810016,-0.23863766,1.5362256,-1.1456794,-2.6819048,0.9414575,0.90978175,-0.031675756
75745,"Rock Hill, SC",Temperate,False,0.12181465,-0.13548523,-0.2572999,0.28678107,0.26693448,-0.019846588,1.4692433,-1.5599205,-3.0291638,0.98893714,0.92508686,-0.06385028
75988,"Rocky Mount, NC",Temperate,False,-0.070300266,-0.24735023,-0.17704996,0.26307392,0.2077338,-0.055340126,-0.54587466,-1.5959541,-1.0500793,0.57775533,0.44687745,-0.13087788
76204,"Rome, GA",Temperate,False,-0.0655843,-0.29264787,-0.22706357,0.41850477,0.153655,-0.26484978,0.4217954,-3.4001145,-3.82191,0.892667,0.65967035,-0.23299664
77149,"Saginaw, MI",Snow,False,-1.8246174,-0.39971128,1.4249061,0.3121565,0.38453403,0.07237753,0.49747977,-0.33736706,-0.83484685,1.0644441,0.64395624,-0.42048782
77230,"St. Augustine, FL",Temperate,True,-0.12530637,-0.19799155,-0.07268518,0.20422141,0.3480745,0.14385308,0.60851204,-2.3196945,-2.9282064,0.5292444,0.964746,0.43550158
78364,"Salisbury, MD--DE",Temperate,True,-0.06815428,-0.1845418,-0.11638752,0.352898,0.31053132,-0.042366683,-0.09175537,-1.7380555,-1.6463001,0.87860584,0.7790902,-0.09951562
79606,"Sarasota--Bradenton, FL",Temperate,True,-1.3020893,-0.14657278,1.1555165,0.42637858,0.39575487,-0.030623704,1.1854429,0.94942796,-0.23601496,0.6188998,0.78178036,0.16288054
79768,"Savannah, GA",Temperate,True,-1.9385623,-0.1983405,1.7402217,0.40725496,0.2708342,-0.13642076,1.7272869,-2.1689553,-3.8962421,0.83098423,0.6949869,-0.13599735
80227,"Scranton, PA",Snow,False,0.6041225,-0.8552876,-1.4594102,0.6148746,-0.15625551,-0.7711301,2.7992043,-1.1579039,-3.9571083,1.1461793,0.5361018,-0.6100775
80400,"Sebastian--Vero Beach South--Florida Ridge, FL",Temperate,True,-0.23145807,0.04048545,0.2719435,0.24955802,0.39582938,0.14627136,2.169989,0.8730805,-1.2969086,0.6618091,0.69633794,0.03452885
80416,"Sebring--Avon Park, FL",Temperate,False,-0.17411673,-0.012775633,0.1613411,0.35926107,0.1879053,-0.17135577,-0.54410154,-1.1661303,-0.62202877,0.13543008,0.42482075,0.28939068
83332,"South Lyon--Howell, MI",Snow,False,-0.30723444,-0.18031326,0.12692118,0.25663257,0.22496727,-0.031665295,-1.1628048,-1.5405822,-0.37777734,0.9120834,0.47876835,-0.43331504
83548,"Spartanburg, SC",Temperate,False,-0.42296848,0.0038361005,0.42680457,0.33120653,0.228537,-0.10266954,1.2677243,-0.6342918,-1.9020162,0.74829197,0.43650585,-0.31178612
83899,"Springfield, IL",Snow,False,-2.2474034,-0.34546766,1.9019357,0.41791373,0.4323141,0.014400363,0.30738264,-3.1299493,-3.437332,1.0401986,1.1668929,0.12669432
83980,"Springfield, OH",Snow,False,-1.7113869,-0.4676319,1.243755,0.41224447,0.047072437,-0.36517203,2.0492377,-1.6439658,-3.6932034,1.0110716,0.6602991,-0.35077244
84024,"Spring Hill, FL",Temperate,True,-0.8991427,-0.08553185,0.81361085,0.21197307,0.18562193,-0.026351139,1.0887383,-0.5364408,-1.625179,0.3951966,0.3500696,-0.045126975
84630,"Staunton--Waynesboro, VA",Temperate,False,-1.1600901,-1.180958,-0.020867944,0.3254061,-0.07324178,-0.39864787,1.473007,-2.394777,-3.867784,0.6758236,0.38058367,-0.29523996
85708,"Sumter, SC",Temperate,False,-0.6785564,-0.091582194,0.5869742,0.23936534,0.20368144,-0.0356839,1.6858218,-1.2879403,-2.973762,0.37498254,0.41232353,0.037341
86464,"Tallahassee, FL",Temperate,False,-0.18585458,0.027998615,0.2138532,0.35630223,0.18397593,-0.1723263,1.7974474,-0.82425034,-2.621698,0.7577701,0.42010105,-0.33766907
86599,"Tampa--St. Petersburg, FL",Temperate,True,-0.37711298,-0.22299115,0.15412183,0.40920606,0.31588843,-0.09331763,2.265335,1.4341967,-0.8311384,0.5710849,0.621918,0.050833106
87139,"Terre Haute, IN",Temperate,False,-0.4268129,-0.3960117,0.030801177,0.37653667,0.19796069,-0.17857598,0.78268087,-2.8571033,-3.6397843,1.0567518,0.8271526,-0.22959924
87787,"Titusville, FL",Temperate,True,0.097867936,-0.1645296,-0.26239753,0.34728843,0.29004446,-0.057243973,-1.2866684,-0.18646792,1.1002005,0.5023583,0.5524948,0.050136507
87868,"Toledo, OH--MI",Snow,False,-1.0226154,-0.09649422,0.92612123,0.5114029,0.37217677,-0.13922614,1.8851322,-0.47986647,-2.3649986,1.3945426,0.92216456,-0.47237802
88462,"Trenton, NJ",Temperate,False,0.5133351,0.24445805,-0.26887706,0.7677842,0.44753385,-0.32025033,4.4822073,0.69158596,-3.7906213,0.8855063,0.78559756,-0.09990871
89110,"Tuscaloosa, AL",Temperate,False,0.24208683,0.029942801,-0.21214403,0.38491297,0.2407664,-0.14414656,1.2176738,-1.3100554,-2.527729,1.0796903,0.60162747,-0.47806287
89263,"Twin Rivers--Hightstown, NJ",Temperate,False,0.19622035,0.15160877,-0.044611588,0.13507685,0.7524208,0.6173439,0.62949306,-0.25340736,-0.8829004,0.5745588,0.18529563,-0.38926315
89650,"Uniontown--Connellsville, PA",Temperate,False,-0.096045665,-0.29782432,-0.20177865,0.3307984,0.22515371,-0.10564467,0.8512141,0.45351633,-0.39769778,1.0146284,0.21233489,-0.80229354
89974,"Valdosta, GA",Temperate,False,0.22517723,0.029263843,-0.19591339,0.22140095,0.25441778,0.03301683,0.3106236,-0.968377,-1.2790005,0.832613,0.39958632,-0.43302667
90658,"Villas, NJ",Temperate,True,-1.9831808,-0.28388348,1.6992973,0.5348004,0.38131016,-0.15349025,-0.49402782,-1.1285005,-0.6344726,0.6814615,0.7231269,0.041665375
90730,"Vineland, NJ",Temperate,True,-0.58710957,-0.25764436,0.3294652,0.33925697,0.20296691,-0.13629006,1.6560974,-0.27924487,-1.9353423,0.5435875,0.7578355,0.214248
90892,"Virginia Beach, VA",Temperate,True,0.043015335,0.059846718,0.016831383,0.44267517,0.4144161,-0.028259069,2.1496987,0.45358709,-1.6961117,0.95666087,0.82135415,-0.13530672
91261,"Waldorf, MD",Temperate,True,-0.09654629,-0.15313818,-0.056591883,0.34454215,0.28959537,-0.05494678,-0.4856901,-0.11755491,0.36813518,0.43753958,0.5288975,0.09135795
91783,"Warner Robins, GA",Temperate,False,-0.12271019,-0.09786626,0.024843931,0.35550997,0.23319966,-0.12231031,2.1306446,-0.3494338,-2.4800785,0.84374934,0.44891542,-0.39483392
92242,"Washington, DC--VA--MD",Temperate,True,-0.012083555,-0.117113546,-0.10502999,0.39887458,0.007099903,-0.39177468,1.2405407,0.0035518764,-1.2369889,0.7053088,0.70233774,-0.0029710531
93592,"Weirton--Steubenville, WV--OH--PA",Temperate,False,0.20137121,-0.69707894,-0.89845014,0.36952698,-0.31361055,-0.68313754,0.8473136,-2.020759,-2.8680727,0.6971612,0.8131894,0.11602819
94294,"Westminster--Eldersburg, MD",Temperate,False,-0.14415924,-0.3074641,-0.16330485,0.25291666,0.22037108,-0.03254558,-1.516323,-2.6453214,-1.1289984,0.59756625,0.3725902,-0.22497603
94726,"Wheeling, WV--OH",Temperate,False,0.023343386,-0.24458468,-0.26792806,0.3388378,0.21666217,-0.122175634,0.9175325,-1.1958151,-2.1133475,0.6752195,0.4992032,-0.17601627
95411,"Williamsburg, VA",Temperate,True,-0.2620645,0.12574176,0.38780624,0.33856404,0.37274784,0.0341838,-0.4162004,-0.17315312,0.24304728,0.5991809,0.4430224,-0.15615848
95833,"Wilmington, NC",Temperate,True,-0.8406554,-0.025530525,0.81512487,0.509387,0.4090258,-0.10036123,1.547015,1.2413789,-0.30563605,0.7948881,0.9254832,0.13059515
96103,"Winchester, VA",Temperate,False,-0.21888074,-0.51462036,-0.29573962,0.46206146,0.30622056,-0.1558409,0.206538,-1.4716972,-1.6782352,0.9774883,0.6937251,-0.28376317
96670,"Winston-Salem, NC",Temperate,False,-0.95690286,-0.17652899,0.7803739,0.1680834,0.26816046,0.10007706,1.2942986,-1.1541827,-2.4484813,0.8170191,0.42693052,-0.3900886
96697,"Winter Haven, FL",Temperate,False,-0.12392092,-0.06654691,0.057374008,0.33378577,0.19798169,-0.13580409,1.2200959,-0.41305506,-1.6331509,0.46792203,0.5096204,0.041698396
97750,"York, PA",Temperate,False,0.69200313,-0.27828792,-0.970291,0.56968176,0.3621176,-0.20756418,3.3651052,-0.83978695,-4.204892,1.4110026,0.6109444,-0.80005825
97831,"Youngstown, OH--PA",Snow,False,0.062078,-0.40431818,-0.46639618,0.35116926,0.2563504,-0.09481886,0.71543497,-1.1390604,-1.8544953,0.82849705,0.48753986,-0.3409572
98182,"Zephyrhills, FL",Temperate,False,-1.5646778,-0.20580779,1.35887,0.29350603,0.17044833,-0.12305769,1.821657,0.39590612,-1.4257509,0.5647863,0.39340758,-0.17137873
631,"Aguadilla--Isabela--San Sebastin, PR",Tropical,True,-0.25939485,-0.517547,-0.25815216,0.5236063,0.55145687,0.027850568,0.03981091,0.8118555,0.7720446,0.4870601,0.69161797,0.20455787
970,"Albany--Schenectady, NY",Snow,False,0.5564397,-0.004422661,-0.56086236,0.60791993,0.37459326,-0.23332667,3.394216,-0.20515782,-3.5993738,1.21693,0.35613117,-0.86079884
1792,"Altoona, PA",Snow,False,0.3882874,-0.5434436,-0.931731,0.34654608,0.2680596,-0.07848647,3.1393688,-0.31415352,-3.4535222,1.0153453,0.85236055,-0.16298479
3034,"Arecibo, PR",Tropical,True,-0.44270295,0.22547911,0.6681821,0.39831758,0.41767144,0.019353867,-0.22755447,0.74612415,0.9736786,0.56401455,0.6655575,0.10154295
5167,"Barnstable Town, MA",Temperate,True,-0.07372393,-0.16897216,-0.09524824,0.42463815,0.3511611,-0.07347706,0.0025173016,-0.83811,-0.8406273,0.7102468,0.57526684,-0.13497996
7732,"Binghamton, NY--PA",Snow,False,0.48914233,-0.6152526,-1.1043949,0.6087253,0.2958694,-0.3128559,2.5197296,-1.1844434,-3.704173,1.2524887,0.49288672,-0.759602
9271,"Boston, MA--NH--RI",Snow,True,0.73719954,0.14063099,-0.5965686,0.6045845,0.3327077,-0.2718768,3.6670337,0.47454786,-3.1924858,1.1762921,0.5974213,-0.5788708
11350,"Buffalo, NY",Snow,False,0.53720844,0.043092854,-0.4941156,0.5796697,0.43849567,-0.14117405,3.4294717,-0.22913292,-3.6586046,1.614589,0.701115,-0.91347396
15184,"Chambersburg, PA",Temperate,False,0.104191475,-0.31451154,-0.41870302,0.4896254,0.30295962,-0.18666577,1.41927,-2.5607166,-3.9799867,1.1130717,0.9074826,-0.20558906
27118,"Elmira, NY",Snow,False,0.2911291,-0.7505069,-1.041636,0.45711148,0.14359123,-0.31352025,2.1462228,-2.094827,-4.24105,0.81291807,-0.07168521,-0.88460326
28981,"Fajardo, PR",Tropical,True,0.06871375,0.059113726,-0.009600021,0.54913926,0.48127237,-0.06786689,0.35965976,0.08577424,-0.27388552,0.7168757,1.4545202,0.73764455
30115,"Florida--Imbry--Barceloneta, PR",Tropical,True,0.031660672,0.05792854,0.026267868,0.32569492,0.5209854,0.1952905,-2.1404278,-0.004404457,2.1360233,0.30438802,0.23765452,-0.066733494
33598,"Glens Falls, NY",Snow,False,0.18116117,-0.012873893,-0.19403505,0.4334099,0.21580964,-0.21760026,2.3391252,-1.7497067,-4.088832,1.0814805,0.40323377,-0.67824674
35866,"Guayama, PR",Tropical,True,-0.09348956,0.42212683,0.5156164,0.39269567,0.56182665,0.16913098,0.24388456,-0.021790745,-0.2656753,0.59148425,0.8183024,0.22681814
36784,"Hanover, PA",Temperate,False,0.36367822,-0.31187493,-0.67555314,0.5967059,0.5895475,-0.0071583986,2.391727,-3.1991432,-5.59087,1.493223,0.61729145,-0.8759315
37081,"Harrisburg, PA",Temperate,False,0.4049519,0.06180804,-0.34314385,0.56612533,0.3145872,-0.25153813,2.2453647,-0.4166977,-2.6620624,1.1704853,0.6436151,-0.52687013
37243,"Hartford, CT",Snow,False,0.6521087,0.06604203,-0.5860667,0.65480214,0.3407787,-0.31402344,3.3137927,-0.2663927,-3.5801854,1.2433516,0.34835172,-0.89499986
41914,"Ithaca, NY",Snow,False,-0.17056386,-0.3777886,-0.20722474,0.4337485,0.19019866,-0.24354985,0.14611281,-2.417551,-2.563664,0.44119623,1.0954415,0.65424526
43291,"Johnstown, PA",Snow,False,0.5208181,-0.9742634,-1.4950815,0.61312366,-0.24769264,-0.8608163,1.9326973,-1.3975787,-3.330276,0.8388799,0.51628464,-0.32259524
43453,"Juana Daz, PR",Tropical,True,-1.093349,-0.45605686,0.63729215,-0.0015533373,0.30517146,0.3067248,-1.0150248,0.24570419,1.260729,0.37691057,0.6859132,0.30900264
45262,"Kingston, NY",Snow,False,0.39496487,-0.64149064,-1.0364555,0.43611595,0.17668837,-0.25942758,2.031096,-2.7167523,-4.7478485,0.8030577,0.025199221,-0.77785844
49096,"Leominster--Fitchburg, MA",Snow,False,0.29103017,-0.48788935,-0.7789195,0.5067001,0.2806185,-0.22608161,1.5910358,-1.5693529,-3.1603887,1.2161467,0.5704158,-0.6457309
53740,"Manchester, NH",Snow,False,0.7349149,-0.19867161,-0.9335865,0.5963446,0.141033,-0.4553116,4.0927467,-1.0834627,-5.1762094,1.2857783,0.3129988,-0.9727795
55738,"Mayagez, PR",Tropical,True,0.13791408,0.23853315,0.10061908,0.5163527,0.5122927,-0.00406003,0.63626665,0.88169676,0.24543011,0.6824729,0.44667163,-0.23580125
61165,"Nashua, NH--MA",Snow,False,0.27641073,-0.017016852,-0.2934276,0.5708527,0.21946579,-0.3513869,2.0198154,-1.7809069,-3.8007224,0.8904102,0.5196594,-0.37075078
61786,"New Bedford, MA",Temperate,True,0.5600392,-0.06640204,-0.62644124,0.58776945,0.52479863,-0.06297082,3.2047374,0.0048856,-3.1998518,0.5251176,0.6941735,0.16905594
62407,"New Haven, CT",Temperate,True,0.49303928,-0.074343935,-0.5673832,0.7096827,0.44122916,-0.26845354,3.2076495,-1.0362086,-4.2438583,1.0231755,0.26460618,-0.7585693
64135,"Norwich--New London, CT--RI",Temperate,True,0.14131232,-0.06877825,-0.21009056,0.32857224,0.4207273,0.09215507,0.96373546,-0.50426644,-1.4680018,0.49574694,0.50397396,0.0082270205
69778,"Pittsfield, MA",Snow,False,-0.009635204,-0.96882266,-0.95918745,0.3069712,-0.07861659,-0.38558778,0.120567635,-2.2498162,-2.3703837,0.78296274,0.19020863,-0.5927541
70642,"Ponce, PR",Tropical,True,0.13239531,0.28053612,0.1481408,0.35965624,0.56127286,0.20161662,0.104575925,1.7730143,1.6684384,0.9171297,0.7461904,-0.17093927
71506,"Portsmouth, NH--ME",Snow,True,0.026591618,-0.15556282,-0.18215443,0.25446448,0.3322425,0.07777801,0.21586426,-0.6207944,-0.83665866,0.40560827,0.5720401,0.16643181
72505,"Providence, RI--MA",Temperate,True,0.8637849,0.017947778,-0.8458371,0.63900393,0.4886392,-0.15036473,3.3642325,0.52211803,-2.8421144,0.21477297,0.501166,0.28639302
75664,"Rochester, NY",Snow,False,0.2429064,-0.05950108,-0.3024075,0.4530223,0.42404485,-0.028977454,2.5922925,-0.9205759,-3.5128684,1.2528687,0.37209663,-0.880772
78985,"San Germn--Cabo Rojo--Sabana Grande, PR",Tropical,True,0.18812689,-1.0971038,-1.2852308,0.45740092,0.40976018,-0.04764074,0.18030858,1.6463778,1.4660692,0.44822514,0.6956153,0.24739015
79093,"San Juan, PR",Tropical,True,-0.4128871,-0.81210655,-0.39921945,0.2856943,0.66288114,0.37718683,0.16253641,1.9268054,1.764269,0.4376113,1.6728636,1.2352523
79633,"Saratoga Springs, NY",Snow,False,-0.35006022,-0.15532163,0.1947386,0.218538,0.62134385,0.40280586,0.41576687,-1.4684659,-1.8842328,0.71871793,0.08832303,-0.63039494
83926,"Springfield, MA--CT",Snow,False,0.3413423,-0.11328657,-0.45462888,0.59303224,0.22886555,-0.36416668,2.3664503,-1.6679401,-4.0343904,1.21515,0.55168146,-0.66346854
84493,"State College, PA",Snow,False,0.16757189,-0.72842973,-0.89600164,0.35680532,0.07326433,-0.283541,2.4409685,-1.9284391,-4.3694077,1.011186,0.7363143,-0.2748717
86302,"Syracuse, NY",Snow,False,0.36210734,-0.23150358,-0.5936109,0.5698154,0.26575717,-0.30405822,3.152427,-0.7737498,-3.9261768,1.1807953,0.34844962,-0.8323457
89785,"Utica, NY",Snow,False,0.5862698,-0.4940379,-1.0803077,0.5514575,0.28682223,-0.2646353,3.66094,-2.2046618,-5.8656015,1.1797354,0.51863897,-0.66109645
92485,"Waterbury, CT",Snow,False,0.4679446,-0.27857342,-0.746518,0.5307764,0.36884803,-0.16192836,3.8076196,-1.2059863,-5.013606,1.0131459,0.41403463,-0.5991113
95455,"Williamsport, PA",Snow,False,0.5337856,-0.016166449,-0.54995203,0.53991294,0.42963314,-0.1102798,2.7373636,-1.0303864,-3.76775,1.2686682,0.7352123,-0.53345585
97291,"Worcester, MA--CT",Snow,False,0.5357673,-0.28646812,-0.82223547,0.5989799,0.17302087,-0.42595902,2.977766,-0.7543458,-3.732112,1.260083,0.49898714,-0.7610958
97561,"Yauco, PR",Tropical,True,0.1961973,-1.6879027,-1.8841,0.39401156,0.40947822,0.01546666,-0.57241803,1.7368289,2.309247,0.12840198,1.030881,0.90247905
